<?xml version='1.0' encoding='UTF-8'?>
<HPXML xmlns='http://hpxmlonline.com/2023/09' schemaVersion='4.0'>
  <XMLTransactionHeaderInformation>
    <XMLType>HPXML</XMLType>
    <XMLGeneratedBy>BuildResidentialHPXML</XMLGeneratedBy>
    <CreatedDateAndTime>2024-08-12T08:56:47-06:00</CreatedDateAndTime>
    <Transaction>create</Transaction>
  </XMLTransactionHeaderInformation>
  <SoftwareInfo>
    <SoftwareProgramUsed>ResStock</SoftwareProgramUsed>
    <SoftwareProgramVersion>3.2.0</SoftwareProgramVersion>
    <extension>
      <SimulationControl>
        <Timestep>15</Timestep>
        <BeginMonth>1</BeginMonth>
        <BeginDayOfMonth>1</BeginDayOfMonth>
        <EndMonth>12</EndMonth>
        <EndDayOfMonth>31</EndDayOfMonth>
        <CalendarYear>2018</CalendarYear>
        <TemperatureCapacitanceMultiplier dataSource='software'>1.0</TemperatureCapacitanceMultiplier>
      </SimulationControl>
      <EmissionsScenarios>
        <EmissionsScenario>
          <Name>LRMER_LowRECost_15</Name>
          <EmissionsType>CO2e</EmissionsType>
          <EmissionsFactor>
            <FuelType>electricity</FuelType>
            <Units>kg/MWh</Units>
            <ScheduleFilePath>/lib/resources/data/cambium/2022/LRMER_LowRECost_15/RMPAc.csv</ScheduleFilePath>
            <NumberofHeaderRows dataSource='software'>0</NumberofHeaderRows>
            <ColumnNumber dataSource='software'>1</ColumnNumber>
          </EmissionsFactor>
        </EmissionsScenario>
        <EmissionsScenario>
          <Name>LRMER_MidCase_15</Name>
          <EmissionsType>CO2e</EmissionsType>
          <EmissionsFactor>
            <FuelType>electricity</FuelType>
            <Units>kg/MWh</Units>
            <ScheduleFilePath>/lib/resources/data/cambium/2022/LRMER_MidCase_15/RMPAc.csv</ScheduleFilePath>
            <NumberofHeaderRows dataSource='software'>0</NumberofHeaderRows>
            <ColumnNumber dataSource='software'>1</ColumnNumber>
          </EmissionsFactor>
        </EmissionsScenario>
        <EmissionsScenario>
          <Name>LRMER_HighRECost_15</Name>
          <EmissionsType>CO2e</EmissionsType>
          <EmissionsFactor>
            <FuelType>electricity</FuelType>
            <Units>kg/MWh</Units>
            <ScheduleFilePath>/lib/resources/data/cambium/2022/LRMER_HighRECost_15/RMPAc.csv</ScheduleFilePath>
            <NumberofHeaderRows dataSource='software'>0</NumberofHeaderRows>
            <ColumnNumber dataSource='software'>1</ColumnNumber>
          </EmissionsFactor>
        </EmissionsScenario>
        <EmissionsScenario>
          <Name>LRMER_MidCase_25</Name>
          <EmissionsType>CO2e</EmissionsType>
          <EmissionsFactor>
            <FuelType>electricity</FuelType>
            <Units>kg/MWh</Units>
            <ScheduleFilePath>/lib/resources/data/cambium/2022/LRMER_MidCase_25/RMPAc.csv</ScheduleFilePath>
            <NumberofHeaderRows dataSource='software'>0</NumberofHeaderRows>
            <ColumnNumber dataSource='software'>1</ColumnNumber>
          </EmissionsFactor>
        </EmissionsScenario>
      </EmissionsScenarios>
      <UtilityBillScenarios>
        <UtilityBillScenario>
          <Name>Utility Rates - Fixed + Variable</Name>
          <UtilityRate>
            <FuelType>electricity</FuelType>
            <FixedCharge dataSource='software'>12.0</FixedCharge>
            <MarginalRate dataSource='software'>0.12522695139911635</MarginalRate>
          </UtilityRate>
          <UtilityRate>
            <FuelType>natural gas</FuelType>
            <FixedCharge>11.25</FixedCharge>
            <MarginalRate>0.698548829</MarginalRate>
          </UtilityRate>
          <UtilityRate>
            <FuelType>propane</FuelType>
            <FixedCharge>0.0</FixedCharge>
            <MarginalRate>2.315076923</MarginalRate>
          </UtilityRate>
          <UtilityRate>
            <FuelType>fuel oil</FuelType>
            <FixedCharge>0.0</FixedCharge>
            <MarginalRate>3.032692308</MarginalRate>
          </UtilityRate>
        </UtilityBillScenario>
      </UtilityBillScenarios>
    </extension>
  </SoftwareInfo>
  <Building>
    <BuildingID id='MyBuilding'/>
    <Site>
      <SiteID id='SiteID'/>
      <Address>
        <StateCode>CO</StateCode>
        <ZipCode>80211</ZipCode>
      </Address>
      <TimeZone>
        <UTCOffset>-7.0</UTCOffset>
        <DSTObserved>true</DSTObserved>
        <extension>
          <DSTBeginMonth dataSource='software'>3</DSTBeginMonth>
          <DSTBeginDayOfMonth dataSource='software'>12</DSTBeginDayOfMonth>
          <DSTEndMonth dataSource='software'>11</DSTEndMonth>
          <DSTEndDayOfMonth dataSource='software'>5</DSTEndDayOfMonth>
        </extension>
      </TimeZone>
    </Site>
    <ProjectStatus>
      <EventType>proposed workscope</EventType>
    </ProjectStatus>
    <BuildingDetails>
      <BuildingSummary>
        <Site>
          <SiteType dataSource='software'>suburban</SiteType>
          <Surroundings>stand-alone</Surroundings>
          <VerticalSurroundings>no units above or below</VerticalSurroundings>
          <ShieldingofHome>normal</ShieldingofHome>
          <AzimuthOfFrontOfHome>225</AzimuthOfFrontOfHome>
          <Soil>
            <Conductivity>1.4</Conductivity>
            <extension>
              <Diffusivity dataSource='software'>0.029119999999999997</Diffusivity>
            </extension>
          </Soil>
          <extension>
            <Neighbors>
              <NeighborBuilding>
                <Orientation dataSource='software'>northwest</Orientation>
                <Azimuth>315</Azimuth>
                <Distance>15.0</Distance>
              </NeighborBuilding>
              <NeighborBuilding>
                <Orientation dataSource='software'>southeast</Orientation>
                <Azimuth>135</Azimuth>
                <Distance>15.0</Distance>
              </NeighborBuilding>
            </Neighbors>
          </extension>
        </Site>
        <BuildingOccupancy>
          <NumberofResidents>2.0</NumberofResidents>
          <extension>
            <WeekdayScheduleFractions dataSource='software'>0.061, 0.061, 0.061, 0.061, 0.061, 0.061, 0.061, 0.053, 0.025, 0.015, 0.015, 0.015, 0.015, 0.015, 0.015, 0.015, 0.018, 0.033, 0.054, 0.054, 0.054, 0.061, 0.061, 0.061</WeekdayScheduleFractions>
            <WeekendScheduleFractions dataSource='software'>0.061, 0.061, 0.061, 0.061, 0.061, 0.061, 0.061, 0.053, 0.025, 0.015, 0.015, 0.015, 0.015, 0.015, 0.015, 0.015, 0.018, 0.033, 0.054, 0.054, 0.054, 0.061, 0.061, 0.061</WeekendScheduleFractions>
            <MonthlyScheduleMultipliers dataSource='software'>1.0, 1.0, 1.0, 1.0, 1.0, 1.0, 1.0, 1.0, 1.0, 1.0, 1.0, 1.0</MonthlyScheduleMultipliers>
          </extension>
        </BuildingOccupancy>
        <BuildingConstruction>
          <YearBuilt>2000</YearBuilt>
          <ResidentialFacilityType>single-family detached</ResidentialFacilityType>
          <NumberofUnits dataSource='software'>1</NumberofUnits>
          <NumberofConditionedFloors>2.0</NumberofConditionedFloors>
          <NumberofConditionedFloorsAboveGrade>2.0</NumberofConditionedFloorsAboveGrade>
          <AverageCeilingHeight>8.0</AverageCeilingHeight>
          <NumberofBedrooms>3</NumberofBedrooms>
          <NumberofBathrooms dataSource='software'>2</NumberofBathrooms>
          <ConditionedFloorArea>1698.0</ConditionedFloorArea>
          <ConditionedBuildingVolume>13584.0</ConditionedBuildingVolume>
        </BuildingConstruction>
        <extension>
          <HVACSizingControl>
            <HeatPumpSizingMethodology>ACCA</HeatPumpSizingMethodology>
            <AllowIncreasedFixedCapacities dataSource='software'>false</AllowIncreasedFixedCapacities>
            <ManualJInputs>
              <HeatingDesignTemperature dataSource='software'>6.62</HeatingDesignTemperature>
              <CoolingDesignTemperature dataSource='software'>90.32</CoolingDesignTemperature>
              <HeatingSetpoint dataSource='software'>70.0</HeatingSetpoint>
              <CoolingSetpoint dataSource='software'>75.0</CoolingSetpoint>
              <HumiditySetpoint dataSource='software'>0.5</HumiditySetpoint>
              <InternalLoadsSensible dataSource='software'>2400.0</InternalLoadsSensible>
              <InternalLoadsLatent dataSource='software'>0.0</InternalLoadsLatent>
              <NumberofOccupants dataSource='software'>4</NumberofOccupants>
            </ManualJInputs>
          </HVACSizingControl>
          <NaturalVentilationAvailabilityDaysperWeek dataSource='software'>3</NaturalVentilationAvailabilityDaysperWeek>
          <ShadingControl>
            <SummerBeginMonth dataSource='software'>5</SummerBeginMonth>
            <SummerBeginDayOfMonth dataSource='software'>1</SummerBeginDayOfMonth>
            <SummerEndMonth dataSource='software'>9</SummerEndMonth>
            <SummerEndDayOfMonth dataSource='software'>30</SummerEndDayOfMonth>
          </ShadingControl>
          <AdditionalProperties>
            <ceiling_insulation_r>60</ceiling_insulation_r>
          </AdditionalProperties>
        <SchedulesFilePath>/var/simdata/openstudio/run/schedules.csv</SchedulesFilePath>
        </extension>
      </BuildingSummary>
      <ClimateandRiskZones>
        <ClimateZoneIECC>
          <Year>2006</Year>
          <ClimateZone>5B</ClimateZone>
        </ClimateZoneIECC>
        <WeatherStation>
          <SystemIdentifier id='WeatherStation'/>
          <Name>G0800310</Name>
          <extension>
            <EPWFilePath>../../../weather/G0800310.epw</EPWFilePath>
          </extension>
        </WeatherStation>
      </ClimateandRiskZones>
      <Enclosure>
        <AirInfiltration>
          <AirInfiltrationMeasurement>
            <SystemIdentifier id='AirInfiltrationMeasurement1'/>
            <HousePressure>50.0</HousePressure>
            <BuildingAirLeakage>
              <UnitofMeasure>ACH</UnitofMeasure>
              <AirLeakage>10.5</AirLeakage>
            </BuildingAirLeakage>
            <InfiltrationVolume>13584.0</InfiltrationVolume>
            <InfiltrationHeight dataSource='software'>16.0</InfiltrationHeight>
          </AirInfiltrationMeasurement>
          <extension>
            <HasFlueOrChimneyInConditionedSpace dataSource='software'>false</HasFlueOrChimneyInConditionedSpace>
          </extension>
        </AirInfiltration>
        <Attics>
          <Attic>
            <SystemIdentifier id='Attic1'/>
            <AtticType>
              <Attic>
                <Vented>true</Vented>
              </Attic>
            </AtticType>
            <VentilationRate>
              <UnitofMeasure>SLA</UnitofMeasure>
              <Value dataSource='software'>0.003333</Value>
            </VentilationRate>
            <AttachedToRoof idref='Roof1'/>
            <AttachedToRoof idref='Roof2'/>
            <AttachedToRoof idref='Roof3'/>
            <AttachedToRoof idref='Roof4'/>
            <AttachedToWall idref='Wall9'/>
            <AttachedToWall idref='Wall10'/>
            <AttachedToWall idref='Wall11'/>
            <AttachedToFloor idref='Floor2'/>
          </Attic>
        </Attics>
        <Foundations>
          <Foundation>
            <SystemIdentifier id='Foundation1'/>
            <FoundationType>
              <Crawlspace>
                <Vented>true</Vented>
              </Crawlspace>
            </FoundationType>
            <VentilationRate>
              <UnitofMeasure>SLA</UnitofMeasure>
              <Value dataSource='software'>0.006667</Value>
            </VentilationRate>
            <AttachedToRimJoist idref='RimJoist1'/>
            <AttachedToRimJoist idref='RimJoist2'/>
            <AttachedToRimJoist idref='RimJoist3'/>
            <AttachedToRimJoist idref='RimJoist4'/>
            <AttachedToFoundationWall idref='FoundationWall1'/>
            <AttachedToFoundationWall idref='FoundationWall2'/>
            <AttachedToFoundationWall idref='FoundationWall3'/>
            <AttachedToFoundationWall idref='FoundationWall4'/>
            <AttachedToFoundationWall idref='FoundationWall5'/>
            <AttachedToFoundationWall idref='FoundationWall6'/>
            <AttachedToFloor idref='Floor1'/>
            <AttachedToSlab idref='Slab2'/>
          </Foundation>
        </Foundations>
        <Roofs>
          <Roof>
            <SystemIdentifier id='Roof1'/>
            <InteriorAdjacentTo>attic - vented</InteriorAdjacentTo>
            <Area>474.6</Area>
            <Orientation dataSource='software'>northeast</Orientation>
            <Azimuth>45</Azimuth>
            <RoofType>slate or tile shingles</RoofType>
            <RoofColor>medium</RoofColor>
            <SolarAbsorptance dataSource='software'>0.75</SolarAbsorptance>
            <Emittance dataSource='software'>0.9</Emittance>
            <InteriorFinish>
              <Type dataSource='software'>none</Type>
            </InteriorFinish>
            <Pitch>6.0</Pitch>
            <RadiantBarrier dataSource='software'>false</RadiantBarrier>
            <Insulation>
              <SystemIdentifier id='Roof1Insulation'/>
              <AssemblyEffectiveRValue>2.3</AssemblyEffectiveRValue>
            </Insulation>
          </Roof>
          <Roof>
            <SystemIdentifier id='Roof2'/>
            <InteriorAdjacentTo>attic - vented</InteriorAdjacentTo>
            <Area>228.9</Area>
            <Orientation dataSource='software'>southeast</Orientation>
            <Azimuth>135</Azimuth>
            <RoofType>slate or tile shingles</RoofType>
            <RoofColor>medium</RoofColor>
            <SolarAbsorptance dataSource='software'>0.75</SolarAbsorptance>
            <Emittance dataSource='software'>0.9</Emittance>
            <InteriorFinish>
              <Type dataSource='software'>none</Type>
            </InteriorFinish>
            <Pitch>6.0</Pitch>
            <RadiantBarrier dataSource='software'>false</RadiantBarrier>
            <Insulation>
              <SystemIdentifier id='Roof2Insulation'/>
              <AssemblyEffectiveRValue>2.3</AssemblyEffectiveRValue>
            </Insulation>
          </Roof>
          <Roof>
            <SystemIdentifier id='Roof3'/>
            <InteriorAdjacentTo>attic - vented</InteriorAdjacentTo>
            <Area>228.9</Area>
            <Orientation dataSource='software'>northwest</Orientation>
            <Azimuth>315</Azimuth>
            <RoofType>slate or tile shingles</RoofType>
            <RoofColor>medium</RoofColor>
            <SolarAbsorptance dataSource='software'>0.75</SolarAbsorptance>
            <Emittance dataSource='software'>0.9</Emittance>
            <InteriorFinish>
              <Type dataSource='software'>none</Type>
            </InteriorFinish>
            <Pitch>6.0</Pitch>
            <RadiantBarrier dataSource='software'>false</RadiantBarrier>
            <Insulation>
              <SystemIdentifier id='Roof3Insulation'/>
              <AssemblyEffectiveRValue>2.3</AssemblyEffectiveRValue>
            </Insulation>
          </Roof>
          <Roof>
            <SystemIdentifier id='Roof4'/>
            <InteriorAdjacentTo>attic - vented</InteriorAdjacentTo>
            <Area>329.8</Area>
            <Orientation dataSource='software'>southwest</Orientation>
            <Azimuth>225</Azimuth>
            <RoofType>slate or tile shingles</RoofType>
            <RoofColor>medium</RoofColor>
            <SolarAbsorptance dataSource='software'>0.75</SolarAbsorptance>
            <Emittance dataSource='software'>0.9</Emittance>
            <InteriorFinish>
              <Type dataSource='software'>none</Type>
            </InteriorFinish>
            <Pitch>6.0</Pitch>
            <RadiantBarrier dataSource='software'>false</RadiantBarrier>
            <Insulation>
              <SystemIdentifier id='Roof4Insulation'/>
              <AssemblyEffectiveRValue>2.3</AssemblyEffectiveRValue>
            </Insulation>
          </Roof>
        </Roofs>
        <RimJoists>
          <RimJoist>
            <SystemIdentifier id='RimJoist1'/>
            <ExteriorAdjacentTo>outside</ExteriorAdjacentTo>
            <InteriorAdjacentTo>crawlspace - vented</InteriorAdjacentTo>
            <Area>30.1</Area>
            <Orientation dataSource='software'>northeast</Orientation>
            <Azimuth>45</Azimuth>
            <Siding>wood siding</Siding>
            <Color>medium dark</Color>
            <SolarAbsorptance dataSource='software'>0.85</SolarAbsorptance>
            <Emittance dataSource='software'>0.9</Emittance>
            <Insulation>
              <SystemIdentifier id='RimJoist1Insulation'/>
              <AssemblyEffectiveRValue>3.9</AssemblyEffectiveRValue>
            </Insulation>
          </RimJoist>
          <RimJoist>
            <SystemIdentifier id='RimJoist2'/>
            <ExteriorAdjacentTo>outside</ExteriorAdjacentTo>
            <InteriorAdjacentTo>crawlspace - vented</InteriorAdjacentTo>
            <Area>16.7</Area>
            <Orientation dataSource='software'>southeast</Orientation>
            <Azimuth>135</Azimuth>
            <Siding>wood siding</Siding>
            <Color>medium dark</Color>
            <SolarAbsorptance dataSource='software'>0.85</SolarAbsorptance>
            <Emittance dataSource='software'>0.9</Emittance>
            <Insulation>
              <SystemIdentifier id='RimJoist2Insulation'/>
              <AssemblyEffectiveRValue>3.9</AssemblyEffectiveRValue>
            </Insulation>
          </RimJoist>
          <RimJoist>
            <SystemIdentifier id='RimJoist3'/>
            <ExteriorAdjacentTo>outside</ExteriorAdjacentTo>
            <InteriorAdjacentTo>crawlspace - vented</InteriorAdjacentTo>
            <Area>30.1</Area>
            <Orientation dataSource='software'>southwest</Orientation>
            <Azimuth>225</Azimuth>
            <Siding>wood siding</Siding>
            <Color>medium dark</Color>
            <SolarAbsorptance dataSource='software'>0.85</SolarAbsorptance>
            <Emittance dataSource='software'>0.9</Emittance>
            <Insulation>
              <SystemIdentifier id='RimJoist3Insulation'/>
              <AssemblyEffectiveRValue>3.9</AssemblyEffectiveRValue>
            </Insulation>
          </RimJoist>
          <RimJoist>
            <SystemIdentifier id='RimJoist4'/>
            <ExteriorAdjacentTo>outside</ExteriorAdjacentTo>
            <InteriorAdjacentTo>crawlspace - vented</InteriorAdjacentTo>
            <Area>16.7</Area>
            <Orientation dataSource='software'>northwest</Orientation>
            <Azimuth>315</Azimuth>
            <Siding>wood siding</Siding>
            <Color>medium dark</Color>
            <SolarAbsorptance dataSource='software'>0.85</SolarAbsorptance>
            <Emittance dataSource='software'>0.9</Emittance>
            <Insulation>
              <SystemIdentifier id='RimJoist4Insulation'/>
              <AssemblyEffectiveRValue>3.9</AssemblyEffectiveRValue>
            </Insulation>
          </RimJoist>
        </RimJoists>
        <Walls>
          <Wall>
            <SystemIdentifier id='Wall1'/>
            <ExteriorAdjacentTo>outside</ExteriorAdjacentTo>
            <InteriorAdjacentTo>garage</InteriorAdjacentTo>
            <WallType>
              <WoodStud/>
            </WallType>
            <Area>192.0</Area>
            <Orientation dataSource='software'>southeast</Orientation>
            <Azimuth>135</Azimuth>
            <Siding>wood siding</Siding>
            <Color>medium dark</Color>
            <SolarAbsorptance dataSource='software'>0.85</SolarAbsorptance>
            <Emittance dataSource='software'>0.9</Emittance>
            <InteriorFinish>
              <Type dataSource='software'>none</Type>
            </InteriorFinish>
            <RadiantBarrier dataSource='software'>false</RadiantBarrier>
            <Insulation>
              <SystemIdentifier id='Wall1Insulation'/>
              <AssemblyEffectiveRValue>4.0</AssemblyEffectiveRValue>
            </Insulation>
          </Wall>
          <Wall>
            <SystemIdentifier id='Wall2'/>
            <ExteriorAdjacentTo>outside</ExteriorAdjacentTo>
            <InteriorAdjacentTo>garage</InteriorAdjacentTo>
            <WallType>
              <WoodStud/>
            </WallType>
            <Area>192.0</Area>
            <Orientation dataSource='software'>southwest</Orientation>
            <Azimuth>225</Azimuth>
            <Siding>wood siding</Siding>
            <Color>medium dark</Color>
            <SolarAbsorptance dataSource='software'>0.85</SolarAbsorptance>
            <Emittance dataSource='software'>0.9</Emittance>
            <InteriorFinish>
              <Type dataSource='software'>none</Type>
            </InteriorFinish>
            <RadiantBarrier dataSource='software'>false</RadiantBarrier>
            <Insulation>
              <SystemIdentifier id='Wall2Insulation'/>
              <AssemblyEffectiveRValue>4.0</AssemblyEffectiveRValue>
            </Insulation>
          </Wall>
          <Wall>
            <SystemIdentifier id='Wall3'/>
            <ExteriorAdjacentTo>outside</ExteriorAdjacentTo>
            <InteriorAdjacentTo>conditioned space</InteriorAdjacentTo>
            <WallType>
              <WoodStud/>
            </WallType>
            <Area>625.5</Area>
            <Orientation dataSource='software'>northeast</Orientation>
            <Azimuth>45</Azimuth>
            <Siding>wood siding</Siding>
            <Color>medium dark</Color>
            <SolarAbsorptance dataSource='software'>0.85</SolarAbsorptance>
            <Emittance dataSource='software'>0.9</Emittance>
            <InteriorFinish>
              <Type dataSource='software'>gypsum board</Type>
              <Thickness dataSource='software'>0.5</Thickness>
            </InteriorFinish>
            <RadiantBarrier dataSource='software'>false</RadiantBarrier>
            <Insulation>
              <SystemIdentifier id='Wall3Insulation'/>
              <AssemblyEffectiveRValue>16.8</AssemblyEffectiveRValue>
            </Insulation>
          </Wall>
          <Wall>
            <SystemIdentifier id='Wall4'/>
            <ExteriorAdjacentTo>outside</ExteriorAdjacentTo>
            <InteriorAdjacentTo>conditioned space</InteriorAdjacentTo>
            <WallType>
              <WoodStud/>
            </WallType>
            <Area>347.5</Area>
            <Orientation dataSource='software'>southeast</Orientation>
            <Azimuth>135</Azimuth>
            <Siding>wood siding</Siding>
            <Color>medium dark</Color>
            <SolarAbsorptance dataSource='software'>0.85</SolarAbsorptance>
            <Emittance dataSource='software'>0.9</Emittance>
            <InteriorFinish>
              <Type dataSource='software'>gypsum board</Type>
              <Thickness dataSource='software'>0.5</Thickness>
            </InteriorFinish>
            <RadiantBarrier dataSource='software'>false</RadiantBarrier>
            <Insulation>
              <SystemIdentifier id='Wall4Insulation'/>
              <AssemblyEffectiveRValue>16.8</AssemblyEffectiveRValue>
            </Insulation>
          </Wall>
          <Wall>
            <SystemIdentifier id='Wall5'/>
            <ExteriorAdjacentTo>garage</ExteriorAdjacentTo>
            <InteriorAdjacentTo>conditioned space</InteriorAdjacentTo>
            <WallType>
              <WoodStud/>
            </WallType>
            <Area>192.0</Area>
            <Orientation dataSource='software'>southwest</Orientation>
            <Azimuth>225</Azimuth>
            <Color>medium dark</Color>
            <InteriorFinish>
              <Type dataSource='software'>gypsum board</Type>
              <Thickness dataSource='software'>0.5</Thickness>
            </InteriorFinish>
            <RadiantBarrier dataSource='software'>false</RadiantBarrier>
            <Insulation>
              <SystemIdentifier id='Wall5Insulation'/>
              <AssemblyEffectiveRValue>16.8</AssemblyEffectiveRValue>
            </Insulation>
          </Wall>
          <Wall>
            <SystemIdentifier id='Wall6'/>
            <ExteriorAdjacentTo>garage</ExteriorAdjacentTo>
            <InteriorAdjacentTo>conditioned space</InteriorAdjacentTo>
            <WallType>
              <WoodStud/>
            </WallType>
            <Area>96.0</Area>
            <Orientation dataSource='software'>southeast</Orientation>
            <Azimuth>135</Azimuth>
            <Color>medium dark</Color>
            <InteriorFinish>
              <Type dataSource='software'>gypsum board</Type>
              <Thickness dataSource='software'>0.5</Thickness>
            </InteriorFinish>
            <RadiantBarrier dataSource='software'>false</RadiantBarrier>
            <Insulation>
              <SystemIdentifier id='Wall6Insulation'/>
              <AssemblyEffectiveRValue>16.8</AssemblyEffectiveRValue>
            </Insulation>
          </Wall>
          <Wall>
            <SystemIdentifier id='Wall7'/>
            <ExteriorAdjacentTo>outside</ExteriorAdjacentTo>
            <InteriorAdjacentTo>conditioned space</InteriorAdjacentTo>
            <WallType>
              <WoodStud/>
            </WallType>
            <Area>433.5</Area>
            <Orientation dataSource='software'>southwest</Orientation>
            <Azimuth>225</Azimuth>
            <Siding>wood siding</Siding>
            <Color>medium dark</Color>
            <SolarAbsorptance dataSource='software'>0.85</SolarAbsorptance>
            <Emittance dataSource='software'>0.9</Emittance>
            <InteriorFinish>
              <Type dataSource='software'>gypsum board</Type>
              <Thickness dataSource='software'>0.5</Thickness>
            </InteriorFinish>
            <RadiantBarrier dataSource='software'>false</RadiantBarrier>
            <Insulation>
              <SystemIdentifier id='Wall7Insulation'/>
              <AssemblyEffectiveRValue>16.8</AssemblyEffectiveRValue>
            </Insulation>
          </Wall>
          <Wall>
            <SystemIdentifier id='Wall8'/>
            <ExteriorAdjacentTo>outside</ExteriorAdjacentTo>
            <InteriorAdjacentTo>conditioned space</InteriorAdjacentTo>
            <WallType>
              <WoodStud/>
            </WallType>
            <Area>443.5</Area>
            <Orientation dataSource='software'>northwest</Orientation>
            <Azimuth>315</Azimuth>
            <Siding>wood siding</Siding>
            <Color>medium dark</Color>
            <SolarAbsorptance dataSource='software'>0.85</SolarAbsorptance>
            <Emittance dataSource='software'>0.9</Emittance>
            <InteriorFinish>
              <Type dataSource='software'>gypsum board</Type>
              <Thickness dataSource='software'>0.5</Thickness>
            </InteriorFinish>
            <RadiantBarrier dataSource='software'>false</RadiantBarrier>
            <Insulation>
              <SystemIdentifier id='Wall8Insulation'/>
              <AssemblyEffectiveRValue>16.8</AssemblyEffectiveRValue>
            </Insulation>
          </Wall>
          <Wall>
            <SystemIdentifier id='Wall9'/>
            <ExteriorAdjacentTo>outside</ExteriorAdjacentTo>
            <InteriorAdjacentTo>attic - vented</InteriorAdjacentTo>
            <AtticWallType>gable</AtticWallType>
            <WallType>
              <WoodStud/>
            </WallType>
            <Area>59.0</Area>
            <Orientation dataSource='software'>southeast</Orientation>
            <Azimuth>135</Azimuth>
            <Siding>wood siding</Siding>
            <Color>medium dark</Color>
            <SolarAbsorptance dataSource='software'>0.85</SolarAbsorptance>
            <Emittance dataSource='software'>0.9</Emittance>
            <InteriorFinish>
              <Type dataSource='software'>none</Type>
            </InteriorFinish>
            <RadiantBarrier dataSource='software'>false</RadiantBarrier>
            <Insulation>
              <SystemIdentifier id='Wall9Insulation'/>
              <AssemblyEffectiveRValue>4.0</AssemblyEffectiveRValue>
            </Insulation>
          </Wall>
          <Wall>
            <SystemIdentifier id='Wall10'/>
            <ExteriorAdjacentTo>outside</ExteriorAdjacentTo>
            <InteriorAdjacentTo>attic - vented</InteriorAdjacentTo>
            <AtticWallType>gable</AtticWallType>
            <WallType>
              <WoodStud/>
            </WallType>
            <Area>59.0</Area>
            <Orientation dataSource='software'>northwest</Orientation>
            <Azimuth>315</Azimuth>
            <Siding>wood siding</Siding>
            <Color>medium dark</Color>
            <SolarAbsorptance dataSource='software'>0.85</SolarAbsorptance>
            <Emittance dataSource='software'>0.9</Emittance>
            <InteriorFinish>
              <Type dataSource='software'>none</Type>
            </InteriorFinish>
            <RadiantBarrier dataSource='software'>false</RadiantBarrier>
            <Insulation>
              <SystemIdentifier id='Wall10Insulation'/>
              <AssemblyEffectiveRValue>4.0</AssemblyEffectiveRValue>
            </Insulation>
          </Wall>
          <Wall>
            <SystemIdentifier id='Wall11'/>
            <ExteriorAdjacentTo>outside</ExteriorAdjacentTo>
            <InteriorAdjacentTo>attic - vented</InteriorAdjacentTo>
            <AtticWallType>gable</AtticWallType>
            <WallType>
              <WoodStud/>
            </WallType>
            <Area>64.8</Area>
            <Orientation dataSource='software'>southwest</Orientation>
            <Azimuth>225</Azimuth>
            <Siding>wood siding</Siding>
            <Color>medium dark</Color>
            <SolarAbsorptance dataSource='software'>0.85</SolarAbsorptance>
            <Emittance dataSource='software'>0.9</Emittance>
            <InteriorFinish>
              <Type dataSource='software'>none</Type>
            </InteriorFinish>
            <RadiantBarrier dataSource='software'>false</RadiantBarrier>
            <Insulation>
              <SystemIdentifier id='Wall11Insulation'/>
              <AssemblyEffectiveRValue>4.0</AssemblyEffectiveRValue>
            </Insulation>
          </Wall>
          <Wall>
            <SystemIdentifier id='Wall12'/>
            <ExteriorAdjacentTo>outside</ExteriorAdjacentTo>
            <InteriorAdjacentTo>garage</InteriorAdjacentTo>
            <WallType>
              <WoodStud/>
            </WallType>
            <Area>96.0</Area>
            <Orientation dataSource='software'>northwest</Orientation>
            <Azimuth>315</Azimuth>
            <Siding>wood siding</Siding>
            <Color>medium dark</Color>
            <SolarAbsorptance dataSource='software'>0.85</SolarAbsorptance>
            <Emittance dataSource='software'>0.9</Emittance>
            <InteriorFinish>
              <Type dataSource='software'>none</Type>
            </InteriorFinish>
            <RadiantBarrier dataSource='software'>false</RadiantBarrier>
            <Insulation>
              <SystemIdentifier id='Wall12Insulation'/>
              <AssemblyEffectiveRValue>4.0</AssemblyEffectiveRValue>
            </Insulation>
          </Wall>
        </Walls>
        <FoundationWalls>
          <FoundationWall>
            <SystemIdentifier id='FoundationWall1'/>
            <ExteriorAdjacentTo>ground</ExteriorAdjacentTo>
            <InteriorAdjacentTo>crawlspace - vented</InteriorAdjacentTo>
            <Type>solid concrete</Type>
            <Height>4.0</Height>
            <Area>156.4</Area>
            <Orientation dataSource='software'>northeast</Orientation>
            <Azimuth>45</Azimuth>
            <Thickness dataSource='software'>8.0</Thickness>
            <DepthBelowGrade>3.0</DepthBelowGrade>
            <InteriorFinish>
              <Type dataSource='software'>none</Type>
            </InteriorFinish>
            <Insulation>
              <SystemIdentifier id='FoundationWall1Insulation'/>
              <Layer>
                <InstallationType>continuous - exterior</InstallationType>
                <NominalRValue>0.0</NominalRValue>
                <DistanceToTopOfInsulation dataSource='software'>0.0</DistanceToTopOfInsulation>
                <DistanceToBottomOfInsulation dataSource='software'>4.0</DistanceToBottomOfInsulation>
              </Layer>
              <Layer>
                <InstallationType>continuous - interior</InstallationType>
                <NominalRValue>0.0</NominalRValue>
                <DistanceToTopOfInsulation dataSource='software'>0.0</DistanceToTopOfInsulation>
                <DistanceToBottomOfInsulation dataSource='software'>4.0</DistanceToBottomOfInsulation>
              </Layer>
            </Insulation>
          </FoundationWall>
          <FoundationWall>
            <SystemIdentifier id='FoundationWall2'/>
            <ExteriorAdjacentTo>ground</ExteriorAdjacentTo>
            <InteriorAdjacentTo>crawlspace - vented</InteriorAdjacentTo>
            <Type>solid concrete</Type>
            <Height>4.0</Height>
            <Area>38.9</Area>
            <Orientation dataSource='software'>southeast</Orientation>
            <Azimuth>135</Azimuth>
            <Thickness dataSource='software'>8.0</Thickness>
            <DepthBelowGrade>3.0</DepthBelowGrade>
            <InteriorFinish>
              <Type dataSource='software'>none</Type>
            </InteriorFinish>
            <Insulation>
              <SystemIdentifier id='FoundationWall2Insulation'/>
              <Layer>
                <InstallationType>continuous - exterior</InstallationType>
                <NominalRValue>0.0</NominalRValue>
                <DistanceToTopOfInsulation dataSource='software'>0.0</DistanceToTopOfInsulation>
                <DistanceToBottomOfInsulation dataSource='software'>4.0</DistanceToBottomOfInsulation>
              </Layer>
              <Layer>
                <InstallationType>continuous - interior</InstallationType>
                <NominalRValue>0.0</NominalRValue>
                <DistanceToTopOfInsulation dataSource='software'>0.0</DistanceToTopOfInsulation>
                <DistanceToBottomOfInsulation dataSource='software'>4.0</DistanceToBottomOfInsulation>
              </Layer>
            </Insulation>
          </FoundationWall>
          <FoundationWall>
            <SystemIdentifier id='FoundationWall3'/>
            <ExteriorAdjacentTo>ground</ExteriorAdjacentTo>
            <InteriorAdjacentTo>crawlspace - vented</InteriorAdjacentTo>
            <Type>solid concrete</Type>
            <Height>4.0</Height>
            <Area>96.0</Area>
            <Orientation dataSource='software'>southwest</Orientation>
            <Azimuth>225</Azimuth>
            <Thickness dataSource='software'>8.0</Thickness>
            <DepthBelowGrade>3.0</DepthBelowGrade>
            <InteriorFinish>
              <Type dataSource='software'>none</Type>
            </InteriorFinish>
            <Insulation>
              <SystemIdentifier id='FoundationWall3Insulation'/>
              <Layer>
                <InstallationType>continuous - exterior</InstallationType>
                <NominalRValue>0.0</NominalRValue>
                <DistanceToTopOfInsulation dataSource='software'>0.0</DistanceToTopOfInsulation>
                <DistanceToBottomOfInsulation dataSource='software'>4.0</DistanceToBottomOfInsulation>
              </Layer>
              <Layer>
                <InstallationType>continuous - interior</InstallationType>
                <NominalRValue>0.0</NominalRValue>
                <DistanceToTopOfInsulation dataSource='software'>0.0</DistanceToTopOfInsulation>
                <DistanceToBottomOfInsulation dataSource='software'>4.0</DistanceToBottomOfInsulation>
              </Layer>
            </Insulation>
          </FoundationWall>
          <FoundationWall>
            <SystemIdentifier id='FoundationWall4'/>
            <ExteriorAdjacentTo>ground</ExteriorAdjacentTo>
            <InteriorAdjacentTo>crawlspace - vented</InteriorAdjacentTo>
            <Type>solid concrete</Type>
            <Height>4.0</Height>
            <Area>48.0</Area>
            <Orientation dataSource='software'>southeast</Orientation>
            <Azimuth>135</Azimuth>
            <Thickness dataSource='software'>8.0</Thickness>
            <DepthBelowGrade>3.0</DepthBelowGrade>
            <InteriorFinish>
              <Type dataSource='software'>none</Type>
            </InteriorFinish>
            <Insulation>
              <SystemIdentifier id='FoundationWall4Insulation'/>
              <Layer>
                <InstallationType>continuous - exterior</InstallationType>
                <NominalRValue>0.0</NominalRValue>
                <DistanceToTopOfInsulation dataSource='software'>0.0</DistanceToTopOfInsulation>
                <DistanceToBottomOfInsulation dataSource='software'>4.0</DistanceToBottomOfInsulation>
              </Layer>
              <Layer>
                <InstallationType>continuous - interior</InstallationType>
                <NominalRValue>0.0</NominalRValue>
                <DistanceToTopOfInsulation dataSource='software'>0.0</DistanceToTopOfInsulation>
                <DistanceToBottomOfInsulation dataSource='software'>4.0</DistanceToBottomOfInsulation>
              </Layer>
            </Insulation>
          </FoundationWall>
          <FoundationWall>
            <SystemIdentifier id='FoundationWall5'/>
            <ExteriorAdjacentTo>ground</ExteriorAdjacentTo>
            <InteriorAdjacentTo>crawlspace - vented</InteriorAdjacentTo>
            <Type>solid concrete</Type>
            <Height>4.0</Height>
            <Area>60.4</Area>
            <Orientation dataSource='software'>southwest</Orientation>
            <Azimuth>225</Azimuth>
            <Thickness dataSource='software'>8.0</Thickness>
            <DepthBelowGrade>3.0</DepthBelowGrade>
            <InteriorFinish>
              <Type dataSource='software'>none</Type>
            </InteriorFinish>
            <Insulation>
              <SystemIdentifier id='FoundationWall5Insulation'/>
              <Layer>
                <InstallationType>continuous - exterior</InstallationType>
                <NominalRValue>0.0</NominalRValue>
                <DistanceToTopOfInsulation dataSource='software'>0.0</DistanceToTopOfInsulation>
                <DistanceToBottomOfInsulation dataSource='software'>4.0</DistanceToBottomOfInsulation>
              </Layer>
              <Layer>
                <InstallationType>continuous - interior</InstallationType>
                <NominalRValue>0.0</NominalRValue>
                <DistanceToTopOfInsulation dataSource='software'>0.0</DistanceToTopOfInsulation>
                <DistanceToBottomOfInsulation dataSource='software'>4.0</DistanceToBottomOfInsulation>
              </Layer>
            </Insulation>
          </FoundationWall>
          <FoundationWall>
            <SystemIdentifier id='FoundationWall6'/>
            <ExteriorAdjacentTo>ground</ExteriorAdjacentTo>
            <InteriorAdjacentTo>crawlspace - vented</InteriorAdjacentTo>
            <Type>solid concrete</Type>
            <Height>4.0</Height>
            <Area>86.9</Area>
            <Orientation dataSource='software'>northwest</Orientation>
            <Azimuth>315</Azimuth>
            <Thickness dataSource='software'>8.0</Thickness>
            <DepthBelowGrade>3.0</DepthBelowGrade>
            <InteriorFinish>
              <Type dataSource='software'>none</Type>
            </InteriorFinish>
            <Insulation>
              <SystemIdentifier id='FoundationWall6Insulation'/>
              <Layer>
                <InstallationType>continuous - exterior</InstallationType>
                <NominalRValue>0.0</NominalRValue>
                <DistanceToTopOfInsulation dataSource='software'>0.0</DistanceToTopOfInsulation>
                <DistanceToBottomOfInsulation dataSource='software'>4.0</DistanceToBottomOfInsulation>
              </Layer>
              <Layer>
                <InstallationType>continuous - interior</InstallationType>
                <NominalRValue>0.0</NominalRValue>
                <DistanceToTopOfInsulation dataSource='software'>0.0</DistanceToTopOfInsulation>
                <DistanceToBottomOfInsulation dataSource='software'>4.0</DistanceToBottomOfInsulation>
              </Layer>
            </Insulation>
          </FoundationWall>
        </FoundationWalls>
        <Floors>
          <Floor>
            <SystemIdentifier id='Floor1'/>
            <ExteriorAdjacentTo>crawlspace - vented</ExteriorAdjacentTo>
            <InteriorAdjacentTo>conditioned space</InteriorAdjacentTo>
            <FloorOrCeiling>floor</FloorOrCeiling>
            <FloorType>
              <WoodFrame/>
            </FloorType>
            <Area>561.0</Area>
            <InteriorFinish>
              <Type dataSource='software'>none</Type>
            </InteriorFinish>
            <RadiantBarrier dataSource='software'>false</RadiantBarrier>
            <Insulation>
              <SystemIdentifier id='Floor1Insulation'/>
              <AssemblyEffectiveRValue>22.6</AssemblyEffectiveRValue>
            </Insulation>
          </Floor>
          <Floor>
            <SystemIdentifier id='Floor2'/>
            <ExteriorAdjacentTo>attic - vented</ExteriorAdjacentTo>
            <InteriorAdjacentTo>conditioned space</InteriorAdjacentTo>
            <FloorOrCeiling>ceiling</FloorOrCeiling>
            <FloorType>
              <WoodFrame/>
            </FloorType>
            <Area>1137.0</Area>
            <InteriorFinish>
              <Type dataSource='software'>gypsum board</Type>
              <Thickness dataSource='software'>0.5</Thickness>
            </InteriorFinish>
            <RadiantBarrier dataSource='software'>false</RadiantBarrier>
            <Insulation>
              <SystemIdentifier id='Floor2Insulation'/>
              <AssemblyEffectiveRValue>61.6</AssemblyEffectiveRValue>
            </Insulation>
          </Floor>
          <Floor>
            <SystemIdentifier id='Floor3'/>
            <ExteriorAdjacentTo>garage</ExteriorAdjacentTo>
            <InteriorAdjacentTo>conditioned space</InteriorAdjacentTo>
            <FloorOrCeiling>floor</FloorOrCeiling>
            <FloorType>
              <WoodFrame/>
            </FloorType>
            <Area>576.0</Area>
            <InteriorFinish>
              <Type dataSource='software'>none</Type>
            </InteriorFinish>
            <RadiantBarrier dataSource='software'>false</RadiantBarrier>
            <Insulation>
              <SystemIdentifier id='Floor3Insulation'/>
              <AssemblyEffectiveRValue>22.6</AssemblyEffectiveRValue>
            </Insulation>
          </Floor>
        </Floors>
        <Slabs>
          <Slab>
            <SystemIdentifier id='Slab1'/>
            <InteriorAdjacentTo>garage</InteriorAdjacentTo>
            <Area>576.0</Area>
            <Thickness dataSource='software'>4.0</Thickness>
            <ExposedPerimeter>60.0</ExposedPerimeter>
            <DepthBelowGrade dataSource='software'>0.0</DepthBelowGrade>
            <PerimeterInsulation>
              <SystemIdentifier id='Slab1PerimeterInsulation'/>
              <Layer>
                <NominalRValue>0.0</NominalRValue>
                <InsulationDepth>0.0</InsulationDepth>
              </Layer>
            </PerimeterInsulation>
            <UnderSlabInsulation>
              <SystemIdentifier id='Slab1UnderSlabInsulation'/>
              <Layer>
                <NominalRValue>0.0</NominalRValue>
                <InsulationWidth>0.0</InsulationWidth>
              </Layer>
            </UnderSlabInsulation>
            <extension>
              <CarpetFraction dataSource='software'>0.0</CarpetFraction>
              <CarpetRValue dataSource='software'>0.0</CarpetRValue>
            </extension>
          </Slab>
          <Slab>
            <SystemIdentifier id='Slab2'/>
            <InteriorAdjacentTo>crawlspace - vented</InteriorAdjacentTo>
            <Area>561.0</Area>
            <Thickness dataSource='software'>0.0</Thickness>
            <ExposedPerimeter>85.6</ExposedPerimeter>
            <PerimeterInsulation>
              <SystemIdentifier id='Slab2PerimeterInsulation'/>
              <Layer>
                <NominalRValue>0.0</NominalRValue>
                <InsulationDepth>0.0</InsulationDepth>
              </Layer>
            </PerimeterInsulation>
            <UnderSlabInsulation>
              <SystemIdentifier id='Slab2UnderSlabInsulation'/>
              <Layer>
                <NominalRValue>0.0</NominalRValue>
                <InsulationWidth>0.0</InsulationWidth>
              </Layer>
            </UnderSlabInsulation>
            <extension>
              <CarpetFraction dataSource='software'>0.0</CarpetFraction>
              <CarpetRValue dataSource='software'>0.0</CarpetRValue>
            </extension>
          </Slab>
        </Slabs>
        <Windows>
          <Window>
            <SystemIdentifier id='Window1'/>
            <Area>28.1</Area>
            <Azimuth>45</Azimuth>
            <Orientation dataSource='software'>northeast</Orientation>
            <UFactor>0.76</UFactor>
            <SHGC>0.67</SHGC>
            <ExteriorShading>
              <SystemIdentifier id='Window1ExteriorShading'/>
              <SummerShadingCoefficient dataSource='software'>1.0</SummerShadingCoefficient>
              <WinterShadingCoefficient dataSource='software'>1.0</WinterShadingCoefficient>
            </ExteriorShading>
            <InteriorShading>
              <SystemIdentifier id='Window1InteriorShading'/>
              <SummerShadingCoefficient>0.7</SummerShadingCoefficient>
              <WinterShadingCoefficient>0.85</WinterShadingCoefficient>
            </InteriorShading>
            <Overhangs>
              <Depth>2.0</Depth>
              <DistanceToTopOfWindow>9.0</DistanceToTopOfWindow>
              <DistanceToBottomOfWindow>12.5</DistanceToBottomOfWindow>
            </Overhangs>
            <FractionOperable>0.67</FractionOperable>
            <AttachedToWall idref='Wall3'/>
          </Window>
          <Window>
            <SystemIdentifier id='Window2'/>
            <Area>28.1</Area>
            <Azimuth>45</Azimuth>
            <Orientation dataSource='software'>northeast</Orientation>
            <UFactor>0.76</UFactor>
            <SHGC>0.67</SHGC>
            <ExteriorShading>
              <SystemIdentifier id='Window2ExteriorShading'/>
              <SummerShadingCoefficient dataSource='software'>1.0</SummerShadingCoefficient>
              <WinterShadingCoefficient dataSource='software'>1.0</WinterShadingCoefficient>
            </ExteriorShading>
            <InteriorShading>
              <SystemIdentifier id='Window2InteriorShading'/>
              <SummerShadingCoefficient>0.7</SummerShadingCoefficient>
              <WinterShadingCoefficient>0.85</WinterShadingCoefficient>
            </InteriorShading>
            <Overhangs>
              <Depth>2.0</Depth>
              <DistanceToTopOfWindow>0.9999999999999982</DistanceToTopOfWindow>
              <DistanceToBottomOfWindow>4.5</DistanceToBottomOfWindow>
            </Overhangs>
            <FractionOperable>0.67</FractionOperable>
            <AttachedToWall idref='Wall3'/>
          </Window>
          <Window>
            <SystemIdentifier id='Window3'/>
            <Area>7.0</Area>
            <Azimuth>135</Azimuth>
            <Orientation dataSource='software'>southeast</Orientation>
            <UFactor>0.76</UFactor>
            <SHGC>0.67</SHGC>
            <ExteriorShading>
              <SystemIdentifier id='Window3ExteriorShading'/>
              <SummerShadingCoefficient dataSource='software'>1.0</SummerShadingCoefficient>
              <WinterShadingCoefficient dataSource='software'>1.0</WinterShadingCoefficient>
            </ExteriorShading>
            <InteriorShading>
              <SystemIdentifier id='Window3InteriorShading'/>
              <SummerShadingCoefficient>0.7</SummerShadingCoefficient>
              <WinterShadingCoefficient>0.85</WinterShadingCoefficient>
            </InteriorShading>
            <Overhangs>
              <Depth>2.0</Depth>
              <DistanceToTopOfWindow>9.0</DistanceToTopOfWindow>
              <DistanceToBottomOfWindow>12.1</DistanceToBottomOfWindow>
            </Overhangs>
            <FractionOperable>0.67</FractionOperable>
            <AttachedToWall idref='Wall4'/>
          </Window>
          <Window>
            <SystemIdentifier id='Window4'/>
            <Area>24.3</Area>
            <Azimuth>135</Azimuth>
            <Orientation dataSource='software'>southeast</Orientation>
            <UFactor>0.76</UFactor>
            <SHGC>0.67</SHGC>
            <ExteriorShading>
              <SystemIdentifier id='Window4ExteriorShading'/>
              <SummerShadingCoefficient dataSource='software'>1.0</SummerShadingCoefficient>
              <WinterShadingCoefficient dataSource='software'>1.0</WinterShadingCoefficient>
            </ExteriorShading>
            <InteriorShading>
              <SystemIdentifier id='Window4InteriorShading'/>
              <SummerShadingCoefficient>0.7</SummerShadingCoefficient>
              <WinterShadingCoefficient>0.85</WinterShadingCoefficient>
            </InteriorShading>
            <Overhangs>
              <Depth>2.0</Depth>
              <DistanceToTopOfWindow>0.9999999999999982</DistanceToTopOfWindow>
              <DistanceToBottomOfWindow>4.3</DistanceToBottomOfWindow>
            </Overhangs>
            <FractionOperable>0.67</FractionOperable>
            <AttachedToWall idref='Wall4'/>
          </Window>
          <Window>
            <SystemIdentifier id='Window5'/>
            <Area>9.0</Area>
            <Azimuth>225</Azimuth>
            <Orientation dataSource='software'>southwest</Orientation>
            <UFactor>0.76</UFactor>
            <SHGC>0.67</SHGC>
            <ExteriorShading>
              <SystemIdentifier id='Window5ExteriorShading'/>
              <SummerShadingCoefficient dataSource='software'>1.0</SummerShadingCoefficient>
              <WinterShadingCoefficient dataSource='software'>1.0</WinterShadingCoefficient>
            </ExteriorShading>
            <InteriorShading>
              <SystemIdentifier id='Window5InteriorShading'/>
              <SummerShadingCoefficient>0.7</SummerShadingCoefficient>
              <WinterShadingCoefficient>0.85</WinterShadingCoefficient>
            </InteriorShading>
            <Overhangs>
              <Depth>2.0</Depth>
              <DistanceToTopOfWindow>9.0</DistanceToTopOfWindow>
              <DistanceToBottomOfWindow>12.5</DistanceToBottomOfWindow>
            </Overhangs>
            <FractionOperable>0.67</FractionOperable>
            <AttachedToWall idref='Wall7'/>
          </Window>
          <Window>
            <SystemIdentifier id='Window6'/>
            <Area>18.5</Area>
            <Azimuth>225</Azimuth>
            <Orientation dataSource='software'>southwest</Orientation>
            <UFactor>0.76</UFactor>
            <SHGC>0.67</SHGC>
            <ExteriorShading>
              <SystemIdentifier id='Window6ExteriorShading'/>
              <SummerShadingCoefficient dataSource='software'>1.0</SummerShadingCoefficient>
              <WinterShadingCoefficient dataSource='software'>1.0</WinterShadingCoefficient>
            </ExteriorShading>
            <InteriorShading>
              <SystemIdentifier id='Window6InteriorShading'/>
              <SummerShadingCoefficient>0.7</SummerShadingCoefficient>
              <WinterShadingCoefficient>0.85</WinterShadingCoefficient>
            </InteriorShading>
            <Overhangs>
              <Depth>2.0</Depth>
              <DistanceToTopOfWindow>0.9999999999999982</DistanceToTopOfWindow>
              <DistanceToBottomOfWindow>4.5</DistanceToBottomOfWindow>
            </Overhangs>
            <FractionOperable>0.67</FractionOperable>
            <AttachedToWall idref='Wall7'/>
          </Window>
          <Window>
            <SystemIdentifier id='Window7'/>
            <Area>11.6</Area>
            <Azimuth>225</Azimuth>
            <Orientation dataSource='software'>southwest</Orientation>
            <UFactor>0.76</UFactor>
            <SHGC>0.67</SHGC>
            <ExteriorShading>
              <SystemIdentifier id='Window7ExteriorShading'/>
              <SummerShadingCoefficient dataSource='software'>1.0</SummerShadingCoefficient>
              <WinterShadingCoefficient dataSource='software'>1.0</WinterShadingCoefficient>
            </ExteriorShading>
            <InteriorShading>
              <SystemIdentifier id='Window7InteriorShading'/>
              <SummerShadingCoefficient>0.7</SummerShadingCoefficient>
              <WinterShadingCoefficient>0.85</WinterShadingCoefficient>
            </InteriorShading>
            <Overhangs>
              <Depth>2.0</Depth>
              <DistanceToTopOfWindow>0.9999999999999982</DistanceToTopOfWindow>
              <DistanceToBottomOfWindow>4.9</DistanceToBottomOfWindow>
            </Overhangs>
            <FractionOperable>0.67</FractionOperable>
            <AttachedToWall idref='Wall7'/>
          </Window>
          <Window>
            <SystemIdentifier id='Window8'/>
            <Area>15.6</Area>
            <Azimuth>315</Azimuth>
            <Orientation dataSource='software'>northwest</Orientation>
            <UFactor>0.76</UFactor>
            <SHGC>0.67</SHGC>
            <ExteriorShading>
              <SystemIdentifier id='Window8ExteriorShading'/>
              <SummerShadingCoefficient dataSource='software'>1.0</SummerShadingCoefficient>
              <WinterShadingCoefficient dataSource='software'>1.0</WinterShadingCoefficient>
            </ExteriorShading>
            <InteriorShading>
              <SystemIdentifier id='Window8InteriorShading'/>
              <SummerShadingCoefficient>0.7</SummerShadingCoefficient>
              <WinterShadingCoefficient>0.85</WinterShadingCoefficient>
            </InteriorShading>
            <Overhangs>
              <Depth>2.0</Depth>
              <DistanceToTopOfWindow>9.0</DistanceToTopOfWindow>
              <DistanceToBottomOfWindow>12.2</DistanceToBottomOfWindow>
            </Overhangs>
            <FractionOperable>0.67</FractionOperable>
            <AttachedToWall idref='Wall8'/>
          </Window>
          <Window>
            <SystemIdentifier id='Window9'/>
            <Area>8.6</Area>
            <Azimuth>315</Azimuth>
            <Orientation dataSource='software'>northwest</Orientation>
            <UFactor>0.76</UFactor>
            <SHGC>0.67</SHGC>
            <ExteriorShading>
              <SystemIdentifier id='Window9ExteriorShading'/>
              <SummerShadingCoefficient dataSource='software'>1.0</SummerShadingCoefficient>
              <WinterShadingCoefficient dataSource='software'>1.0</WinterShadingCoefficient>
            </ExteriorShading>
            <InteriorShading>
              <SystemIdentifier id='Window9InteriorShading'/>
              <SummerShadingCoefficient>0.7</SummerShadingCoefficient>
              <WinterShadingCoefficient>0.85</WinterShadingCoefficient>
            </InteriorShading>
            <Overhangs>
              <Depth>2.0</Depth>
              <DistanceToTopOfWindow>0.9999999999999982</DistanceToTopOfWindow>
              <DistanceToBottomOfWindow>4.4</DistanceToBottomOfWindow>
            </Overhangs>
            <FractionOperable>0.67</FractionOperable>
            <AttachedToWall idref='Wall8'/>
          </Window>
          <Window>
            <SystemIdentifier id='Window10'/>
            <Area>15.6</Area>
            <Azimuth>315</Azimuth>
            <Orientation dataSource='software'>northwest</Orientation>
            <UFactor>0.76</UFactor>
            <SHGC>0.67</SHGC>
            <ExteriorShading>
              <SystemIdentifier id='Window10ExteriorShading'/>
              <SummerShadingCoefficient dataSource='software'>1.0</SummerShadingCoefficient>
              <WinterShadingCoefficient dataSource='software'>1.0</WinterShadingCoefficient>
            </ExteriorShading>
            <InteriorShading>
              <SystemIdentifier id='Window10InteriorShading'/>
              <SummerShadingCoefficient>0.7</SummerShadingCoefficient>
              <WinterShadingCoefficient>0.85</WinterShadingCoefficient>
            </InteriorShading>
            <Overhangs>
              <Depth>2.0</Depth>
              <DistanceToTopOfWindow>0.9999999999999982</DistanceToTopOfWindow>
              <DistanceToBottomOfWindow>4.2</DistanceToBottomOfWindow>
            </Overhangs>
            <FractionOperable>0.67</FractionOperable>
            <AttachedToWall idref='Wall8'/>
          </Window>
        </Windows>
        <Doors>
          <Door>
            <SystemIdentifier id='Door1'/>
            <AttachedToWall idref='Wall7'/>
            <Area>20.0</Area>
            <Azimuth>225</Azimuth>
            <Orientation dataSource='software'>southwest</Orientation>
            <RValue>5.0</RValue>
          </Door>
        </Doors>
        <extension>
          <PartitionWallMass>
            <AreaFraction dataSource='software'>1.0</AreaFraction>
            <InteriorFinish>
              <Type dataSource='software'>gypsum board</Type>
              <Thickness dataSource='software'>0.5</Thickness>
            </InteriorFinish>
          </PartitionWallMass>
          <FurnitureMass>
            <AreaFraction dataSource='software'>0.4</AreaFraction>
            <Type dataSource='software'>light-weight</Type>
          </FurnitureMass>
        </extension>
      </Enclosure>
      <Systems>
        <HVAC>
          <HVACPlant>
            <PrimarySystems>
              <PrimaryHeatingSystem idref='HeatPump1'/>
              <PrimaryCoolingSystem idref='HeatPump1'/>
            </PrimarySystems>
            <HeatPump>
              <SystemIdentifier id='HeatPump1'/>
              <UnitLocation dataSource='software'>crawlspace - vented</UnitLocation>
              <DistributionSystem idref='HVACDistribution1'/>
              <HeatPumpType>air-to-air</HeatPumpType>
              <HeatPumpFuel>electricity</HeatPumpFuel>
              <HeatingCapacity dataSource='software'>31344.0</HeatingCapacity>
              <CoolingCapacity dataSource='software'>31344.0</CoolingCapacity>
              <CompressorType>single stage</CompressorType>
              <CompressorLockoutTemperature dataSource='software'>0.0</CompressorLockoutTemperature>
              <CoolingSensibleHeatFraction dataSource='software'>0.73</CoolingSensibleHeatFraction>
              <BackupType>integrated</BackupType>
              <BackupSystemFuel>electricity</BackupSystemFuel>
              <BackupAnnualHeatingEfficiency>
                <Units>Percent</Units>
                <Value>1.0</Value>
              </BackupAnnualHeatingEfficiency>
              <BackupHeatingCapacity dataSource='software'>39937.0</BackupHeatingCapacity>
              <BackupHeatingLockoutTemperature dataSource='software'>40.0</BackupHeatingLockoutTemperature>
              <FractionHeatLoadServed>1.0</FractionHeatLoadServed>
              <FractionCoolLoadServed>1.0</FractionCoolLoadServed>
              <AnnualCoolingEfficiency>
                <Units>SEER</Units>
                <Value>16.0</Value>
              </AnnualCoolingEfficiency>
              <AnnualHeatingEfficiency>
                <Units>HSPF</Units>
                <Value>9.2</Value>
              </AnnualHeatingEfficiency>
              <extension>
                <AirflowDefectRatio dataSource='software'>0.0</AirflowDefectRatio>
                <ChargeDefectRatio dataSource='software'>0.0</ChargeDefectRatio>
                <FanPowerWattsPerCFM dataSource='software'>0.375</FanPowerWattsPerCFM>
                <HeatingAirflowCFM dataSource='software'>1001.0</HeatingAirflowCFM>
                <CoolingAirflowCFM dataSource='software'>1303.0</CoolingAirflowCFM>
                <HeatingCapacityRetention>
                  <Fraction>0.5</Fraction>
                  <Temperature>5.0</Temperature>
                </HeatingCapacityRetention>
                <CrankcaseHeaterPowerWatts dataSource='software'>50.0</CrankcaseHeaterPowerWatts>
              </extension>
            </HeatPump>
            <extension>
              <DesignLoads dataSource='software'>
                <Heating>
                  <Total>39937.0</Total>
                  <Ducts>7806.0</Ducts>
                  <Windows>8015.0</Windows>
                  <Skylights>0.0</Skylights>
                  <Doors>254.0</Doors>
                  <Walls>7140.0</Walls>
                  <Roofs>0.0</Roofs>
                  <Floors>2584.0</Floors>
                  <Slabs>0.0</Slabs>
                  <Ceilings>1170.0</Ceilings>
                  <InfilVent>12969.0</InfilVent>
                </Heating>
                <CoolingSensible>
                  <Total>14756.0</Total>
                  <Ducts>631.0</Ducts>
                  <Windows>6564.0</Windows>
                  <Skylights>0.0</Skylights>
                  <Doors>85.0</Doors>
                  <Walls>1500.0</Walls>
                  <Roofs>0.0</Roofs>
                  <Floors>730.0</Floors>
                  <Slabs>0.0</Slabs>
                  <Ceilings>375.0</Ceilings>
                  <InfilVent>1551.0</InfilVent>
                  <InternalLoads>3320.0</InternalLoads>
                </CoolingSensible>
                <CoolingLatent>
                  <Total>0.0</Total>
                  <Ducts>0.0</Ducts>
                  <InfilVent>0.0</InfilVent>
                  <InternalLoads>0.0</InternalLoads>
                </CoolingLatent>
              </DesignLoads>
            </extension>
          </HVACPlant>
          <HVACControl>
            <SystemIdentifier id='HVACControl1'/>
            <HeatingSeason>
              <BeginMonth dataSource='software'>1</BeginMonth>
              <BeginDayOfMonth dataSource='software'>1</BeginDayOfMonth>
              <EndMonth dataSource='software'>12</EndMonth>
              <EndDayOfMonth dataSource='software'>31</EndDayOfMonth>
            </HeatingSeason>
            <CoolingSeason>
              <BeginMonth dataSource='software'>1</BeginMonth>
              <BeginDayOfMonth dataSource='software'>1</BeginDayOfMonth>
              <EndMonth dataSource='software'>12</EndMonth>
              <EndDayOfMonth dataSource='software'>31</EndDayOfMonth>
            </CoolingSeason>
            <extension>
              <CeilingFanSetpointTempCoolingSeasonOffset>0.0</CeilingFanSetpointTempCoolingSeasonOffset>
              <WeekdaySetpointTempsHeatingSeason>72.0, 72.0, 72.0, 72.0, 72.0, 72.0, 72.0, 72.0, 72.0, 72.0, 72.0, 72.0, 72.0, 72.0, 72.0, 72.0, 72.0, 72.0, 72.0, 72.0, 72.0, 72.0, 72.0, 72.0</WeekdaySetpointTempsHeatingSeason>
              <WeekendSetpointTempsHeatingSeason>72.0, 72.0, 72.0, 72.0, 72.0, 72.0, 72.0, 72.0, 72.0, 72.0, 72.0, 72.0, 72.0, 72.0, 72.0, 72.0, 72.0, 72.0, 72.0, 72.0, 72.0, 72.0, 72.0, 72.0</WeekendSetpointTempsHeatingSeason>
              <WeekdaySetpointTempsCoolingSeason>68.0, 68.0, 68.0, 68.0, 68.0, 68.0, 68.0, 68.0, 68.0, 68.0, 68.0, 68.0, 68.0, 68.0, 68.0, 68.0, 68.0, 68.0, 68.0, 68.0, 68.0, 68.0, 68.0, 68.0</WeekdaySetpointTempsCoolingSeason>
              <WeekendSetpointTempsCoolingSeason>68.0, 68.0, 68.0, 68.0, 68.0, 68.0, 68.0, 68.0, 68.0, 68.0, 68.0, 68.0, 68.0, 68.0, 68.0, 68.0, 68.0, 68.0, 68.0, 68.0, 68.0, 68.0, 68.0, 68.0</WeekendSetpointTempsCoolingSeason>
            </extension>
          </HVACControl>
          <HVACDistribution>
            <SystemIdentifier id='HVACDistribution1'/>
            <DistributionSystemType>
              <AirDistribution>
                <AirDistributionType>regular velocity</AirDistributionType>
                <DuctLeakageMeasurement>
                  <DuctType>supply</DuctType>
                  <DuctLeakage>
                    <Units>Percent</Units>
                    <Value>0.067</Value>
                    <TotalOrToOutside>to outside</TotalOrToOutside>
                  </DuctLeakage>
                </DuctLeakageMeasurement>
                <DuctLeakageMeasurement>
                  <DuctType>return</DuctType>
                  <DuctLeakage>
                    <Units>Percent</Units>
                    <Value>0.033</Value>
                    <TotalOrToOutside>to outside</TotalOrToOutside>
                  </DuctLeakage>
                </DuctLeakageMeasurement>
                <Ducts>
                  <SystemIdentifier id='Ducts1'/>
                  <DuctType>supply</DuctType>
                  <DuctInsulationRValue>6.0</DuctInsulationRValue>
                  <DuctBuriedInsulationLevel dataSource='software'>not buried</DuctBuriedInsulationLevel>
                  <DuctEffectiveRValue dataSource='software'>5.6152</DuctEffectiveRValue>
                  <DuctLocation>crawlspace - vented</DuctLocation>
                  <FractionDuctArea>0.75</FractionDuctArea>
                  <DuctSurfaceArea dataSource='software'>343.845</DuctSurfaceArea>
                  <extension>
                    <DuctSurfaceAreaMultiplier dataSource='software'>1.0</DuctSurfaceAreaMultiplier>
                  </extension>
                </Ducts>
                <Ducts>
                  <SystemIdentifier id='Ducts2'/>
                  <DuctType>return</DuctType>
                  <DuctInsulationRValue>6.0</DuctInsulationRValue>
                  <DuctBuriedInsulationLevel dataSource='software'>not buried</DuctBuriedInsulationLevel>
                  <DuctEffectiveRValue dataSource='software'>6.2706</DuctEffectiveRValue>
                  <DuctLocation>crawlspace - vented</DuctLocation>
                  <FractionDuctArea>0.75</FractionDuctArea>
                  <DuctSurfaceArea dataSource='software'>127.35000000000001</DuctSurfaceArea>
                  <extension>
                    <DuctSurfaceAreaMultiplier dataSource='software'>1.0</DuctSurfaceAreaMultiplier>
                  </extension>
                </Ducts>
                <Ducts>
                  <SystemIdentifier id='Ducts3'/>
                  <DuctType>supply</DuctType>
                  <DuctInsulationRValue>0.0</DuctInsulationRValue>
                  <DuctBuriedInsulationLevel dataSource='software'>not buried</DuctBuriedInsulationLevel>
                  <DuctEffectiveRValue dataSource='software'>1.7</DuctEffectiveRValue>
                  <DuctLocation>conditioned space</DuctLocation>
                  <FractionDuctArea>0.25</FractionDuctArea>
                  <DuctSurfaceArea dataSource='software'>114.61500000000001</DuctSurfaceArea>
                  <extension>
                    <DuctSurfaceAreaMultiplier dataSource='software'>1.0</DuctSurfaceAreaMultiplier>
                  </extension>
                </Ducts>
                <Ducts>
                  <SystemIdentifier id='Ducts4'/>
                  <DuctType>return</DuctType>
                  <DuctInsulationRValue>0.0</DuctInsulationRValue>
                  <DuctBuriedInsulationLevel dataSource='software'>not buried</DuctBuriedInsulationLevel>
                  <DuctEffectiveRValue dataSource='software'>1.7</DuctEffectiveRValue>
                  <DuctLocation>conditioned space</DuctLocation>
                  <FractionDuctArea>0.25</FractionDuctArea>
                  <DuctSurfaceArea dataSource='software'>42.45</DuctSurfaceArea>
                  <extension>
                    <DuctSurfaceAreaMultiplier dataSource='software'>1.0</DuctSurfaceAreaMultiplier>
                  </extension>
                </Ducts>
                <NumberofReturnRegisters dataSource='software'>2</NumberofReturnRegisters>
              </AirDistribution>
            </DistributionSystemType>
            <ConditionedFloorAreaServed>1698.0</ConditionedFloorAreaServed>
          </HVACDistribution>
        </HVAC>
        <MechanicalVentilation>
          <VentilationFans>
            <VentilationFan>
              <SystemIdentifier id='VentilationFan1'/>
              <Count dataSource='software'>1</Count>
              <RatedFlowRate dataSource='software'>100.0</RatedFlowRate>
              <HoursInOperation dataSource='software'>1.0</HoursInOperation>
              <FanLocation>kitchen</FanLocation>
              <UsedForLocalVentilation>true</UsedForLocalVentilation>
              <FanPower dataSource='software'>30.0</FanPower>
              <extension>
                <StartHour>11</StartHour>
              </extension>
            </VentilationFan>
            <VentilationFan>
              <SystemIdentifier id='VentilationFan2'/>
              <Count dataSource='software'>2</Count>
              <RatedFlowRate dataSource='software'>50.0</RatedFlowRate>
              <HoursInOperation dataSource='software'>1.0</HoursInOperation>
              <FanLocation>bath</FanLocation>
              <UsedForLocalVentilation>true</UsedForLocalVentilation>
              <FanPower dataSource='software'>15.0</FanPower>
              <extension>
                <StartHour>3</StartHour>
              </extension>
            </VentilationFan>
          </VentilationFans>
        </MechanicalVentilation>
        <WaterHeating>
          <WaterHeatingSystem>
            <SystemIdentifier id='WaterHeatingSystem1'/>
            <FuelType>electricity</FuelType>
            <WaterHeaterType>heat pump water heater</WaterHeaterType>
            <Location>garage</Location>
            <IsSharedSystem dataSource='software'>false</IsSharedSystem>
            <TankVolume>50.0</TankVolume>
            <FractionDHWLoadServed>1.0</FractionDHWLoadServed>
            <UniformEnergyFactor>3.45</UniformEnergyFactor>
            <HPWHOperatingMode dataSource='software'>hybrid/auto</HPWHOperatingMode>
            <UsageBin dataSource='software'>medium</UsageBin>
            <HotWaterTemperature>125.0</HotWaterTemperature>
          </WaterHeatingSystem>
          <HotWaterDistribution>
            <SystemIdentifier id='HotWaterDistribution1'/>
            <SystemType>
              <Standard>
                <PipingLength dataSource='software'>78.27520913733386</PipingLength>
              </Standard>
            </SystemType>
            <PipeInsulation>
              <PipeRValue>0.0</PipeRValue>
            </PipeInsulation>
          </HotWaterDistribution>
          <WaterFixture>
            <SystemIdentifier id='WaterFixture1'/>
            <WaterFixtureType>shower head</WaterFixtureType>
            <LowFlow>false</LowFlow>
          </WaterFixture>
          <WaterFixture>
            <SystemIdentifier id='WaterFixture2'/>
            <WaterFixtureType>faucet</WaterFixtureType>
            <LowFlow>false</LowFlow>
          </WaterFixture>
          <extension>
            <WaterFixturesUsageMultiplier>1.0</WaterFixturesUsageMultiplier>
            <WaterFixturesWeekdayScheduleFractions dataSource='software'>0.012, 0.006, 0.004, 0.005, 0.010, 0.034, 0.078, 0.087, 0.080, 0.067, 0.056, 0.047, 0.040, 0.035, 0.033, 0.031, 0.039, 0.051, 0.060, 0.060, 0.055, 0.048, 0.038, 0.026</WaterFixturesWeekdayScheduleFractions>
            <WaterFixturesWeekendScheduleFractions dataSource='software'>0.012, 0.006, 0.004, 0.005, 0.010, 0.034, 0.078, 0.087, 0.080, 0.067, 0.056, 0.047, 0.040, 0.035, 0.033, 0.031, 0.039, 0.051, 0.060, 0.060, 0.055, 0.048, 0.038, 0.026</WaterFixturesWeekendScheduleFractions>
            <WaterFixturesMonthlyScheduleMultipliers dataSource='software'>1.0, 1.0, 1.0, 1.0, 1.0, 1.0, 1.0, 1.0, 1.0, 1.0, 1.0, 1.0</WaterFixturesMonthlyScheduleMultipliers>
          </extension>
        </WaterHeating>
      </Systems>
      <Appliances>
        <ClothesWasher>
          <SystemIdentifier id='ClothesWasher1'/>
          <IsSharedAppliance dataSource='software'>false</IsSharedAppliance>
          <Location dataSource='software'>conditioned space</Location>
          <IntegratedModifiedEnergyFactor>2.07</IntegratedModifiedEnergyFactor>
          <RatedAnnualkWh>123.0</RatedAnnualkWh>
          <LabelElectricRate>0.1065</LabelElectricRate>
          <LabelGasRate>1.218</LabelGasRate>
          <LabelAnnualGasCost>9.0</LabelAnnualGasCost>
          <LabelUsage>7.538462</LabelUsage>
          <Capacity>3.68</Capacity>
          <extension>
            <UsageMultiplier>1.0</UsageMultiplier>
            <WeekdayScheduleFractions dataSource='software'>0.009, 0.007, 0.004, 0.004, 0.007, 0.011, 0.022, 0.049, 0.073, 0.086, 0.084, 0.075, 0.067, 0.060, 0.049, 0.052, 0.050, 0.049, 0.049, 0.049, 0.049, 0.047, 0.032, 0.017</WeekdayScheduleFractions>
            <WeekendScheduleFractions dataSource='software'>0.009, 0.007, 0.004, 0.004, 0.007, 0.011, 0.022, 0.049, 0.073, 0.086, 0.084, 0.075, 0.067, 0.060, 0.049, 0.052, 0.050, 0.049, 0.049, 0.049, 0.049, 0.047, 0.032, 0.017</WeekendScheduleFractions>
            <MonthlyScheduleMultipliers dataSource='software'>1.011, 1.002, 1.022, 1.020, 1.022, 0.996, 0.999, 0.999, 0.996, 0.964, 0.959, 1.011</MonthlyScheduleMultipliers>
          </extension>
        </ClothesWasher>
        <ClothesDryer>
          <SystemIdentifier id='ClothesDryer1'/>
          <IsSharedAppliance dataSource='software'>false</IsSharedAppliance>
          <Location dataSource='software'>conditioned space</Location>
          <FuelType>electricity</FuelType>
          <CombinedEnergyFactor>2.7</CombinedEnergyFactor>
          <Vented dataSource='software'>true</Vented>
          <VentedFlowRate dataSource='software'>100.0</VentedFlowRate>
          <extension>
            <UsageMultiplier>1.0</UsageMultiplier>
            <WeekdayScheduleFractions dataSource='software'>0.010, 0.006, 0.004, 0.002, 0.004, 0.006, 0.016, 0.032, 0.048, 0.068, 0.078, 0.081, 0.074, 0.067, 0.057, 0.061, 0.055, 0.054, 0.051, 0.051, 0.052, 0.054, 0.044, 0.024</WeekdayScheduleFractions>
            <WeekendScheduleFractions dataSource='software'>0.010, 0.006, 0.004, 0.002, 0.004, 0.006, 0.016, 0.032, 0.048, 0.068, 0.078, 0.081, 0.074, 0.067, 0.057, 0.061, 0.055, 0.054, 0.051, 0.051, 0.052, 0.054, 0.044, 0.024</WeekendScheduleFractions>
            <MonthlyScheduleMultipliers dataSource='software'>1.0, 1.0, 1.0, 1.0, 1.0, 1.0, 1.0, 1.0, 1.0, 1.0, 1.0, 1.0</MonthlyScheduleMultipliers>
          </extension>
        </ClothesDryer>
        <Dishwasher>
          <SystemIdentifier id='Dishwasher1'/>
          <IsSharedAppliance dataSource='software'>false</IsSharedAppliance>
          <Location dataSource='software'>conditioned space</Location>
          <RatedAnnualkWh>290.0</RatedAnnualkWh>
          <PlaceSettingCapacity>12</PlaceSettingCapacity>
          <LabelElectricRate>0.12</LabelElectricRate>
          <LabelGasRate>1.09</LabelGasRate>
          <LabelAnnualGasCost>23.0</LabelAnnualGasCost>
          <LabelUsage>4.0</LabelUsage>
          <extension>
            <UsageMultiplier>1.0</UsageMultiplier>
            <WeekdayScheduleFractions dataSource='software'>0.015, 0.007, 0.005, 0.003, 0.003, 0.010, 0.020, 0.031, 0.058, 0.065, 0.056, 0.048, 0.041, 0.046, 0.036, 0.038, 0.038, 0.049, 0.087, 0.111, 0.090, 0.067, 0.044, 0.031</WeekdayScheduleFractions>
            <WeekendScheduleFractions dataSource='software'>0.015, 0.007, 0.005, 0.003, 0.003, 0.010, 0.020, 0.031, 0.058, 0.065, 0.056, 0.048, 0.041, 0.046, 0.036, 0.038, 0.038, 0.049, 0.087, 0.111, 0.090, 0.067, 0.044, 0.031</WeekendScheduleFractions>
            <MonthlyScheduleMultipliers dataSource='software'>1.097, 1.097, 0.991, 0.987, 0.991, 0.890, 0.896, 0.896, 0.890, 1.085, 1.085, 1.097</MonthlyScheduleMultipliers>
          </extension>
        </Dishwasher>
        <Refrigerator>
          <SystemIdentifier id='Refrigerator1'/>
          <Location dataSource='software'>conditioned space</Location>
          <RatedAnnualkWh>383.0</RatedAnnualkWh>
          <PrimaryIndicator dataSource='software'>true</PrimaryIndicator>
          <extension>
            <UsageMultiplier>1.0</UsageMultiplier>
            <WeekdayScheduleFractions dataSource='software'>0.040, 0.039, 0.038, 0.037, 0.036, 0.036, 0.038, 0.040, 0.041, 0.041, 0.040, 0.040, 0.042, 0.042, 0.042, 0.041, 0.044, 0.048, 0.050, 0.048, 0.047, 0.046, 0.044, 0.041</WeekdayScheduleFractions>
            <WeekendScheduleFractions dataSource='software'>0.040, 0.039, 0.038, 0.037, 0.036, 0.036, 0.038, 0.040, 0.041, 0.041, 0.040, 0.040, 0.042, 0.042, 0.042, 0.041, 0.044, 0.048, 0.050, 0.048, 0.047, 0.046, 0.044, 0.041</WeekendScheduleFractions>
            <MonthlyScheduleMultipliers dataSource='software'>0.837, 0.835, 1.084, 1.084, 1.084, 1.096, 1.096, 1.096, 1.096, 0.931, 0.925, 0.837</MonthlyScheduleMultipliers>
          </extension>
        </Refrigerator>
        <CookingRange>
          <SystemIdentifier id='CookingRange1'/>
          <Location dataSource='software'>conditioned space</Location>
          <FuelType>electricity</FuelType>
          <IsInduction>false</IsInduction>
          <extension>
            <UsageMultiplier>1.0</UsageMultiplier>
            <WeekdayScheduleFractions dataSource='software'>0.007, 0.007, 0.004, 0.004, 0.007, 0.011, 0.025, 0.042, 0.046, 0.048, 0.042, 0.050, 0.057, 0.046, 0.057, 0.044, 0.092, 0.150, 0.117, 0.060, 0.035, 0.025, 0.016, 0.011</WeekdayScheduleFractions>
            <WeekendScheduleFractions dataSource='software'>0.007, 0.007, 0.004, 0.004, 0.007, 0.011, 0.025, 0.042, 0.046, 0.048, 0.042, 0.050, 0.057, 0.046, 0.057, 0.044, 0.092, 0.150, 0.117, 0.060, 0.035, 0.025, 0.016, 0.011</WeekendScheduleFractions>
            <MonthlyScheduleMultipliers dataSource='software'>1.097, 1.097, 0.991, 0.987, 0.991, 0.890, 0.896, 0.896, 0.890, 1.085, 1.085, 1.097</MonthlyScheduleMultipliers>
          </extension>
        </CookingRange>
        <Oven>
          <SystemIdentifier id='Oven1'/>
          <IsConvection dataSource='software'>false</IsConvection>
        </Oven>
      </Appliances>
      <Lighting>
        <LightingGroup>
          <SystemIdentifier id='LightingGroup1'/>
          <Location>interior</Location>
          <FractionofUnitsInLocation>0.0</FractionofUnitsInLocation>
          <LightingType>
            <CompactFluorescent/>
          </LightingType>
        </LightingGroup>
        <LightingGroup>
          <SystemIdentifier id='LightingGroup2'/>
          <Location>interior</Location>
          <FractionofUnitsInLocation>0.0</FractionofUnitsInLocation>
          <LightingType>
            <FluorescentTube/>
          </LightingType>
        </LightingGroup>
        <LightingGroup>
          <SystemIdentifier id='LightingGroup3'/>
          <Location>interior</Location>
          <FractionofUnitsInLocation>1.0</FractionofUnitsInLocation>
          <LightingType>
            <LightEmittingDiode/>
          </LightingType>
        </LightingGroup>
        <LightingGroup>
          <SystemIdentifier id='LightingGroup4'/>
          <Location>exterior</Location>
          <FractionofUnitsInLocation>0.0</FractionofUnitsInLocation>
          <LightingType>
            <CompactFluorescent/>
          </LightingType>
        </LightingGroup>
        <LightingGroup>
          <SystemIdentifier id='LightingGroup5'/>
          <Location>exterior</Location>
          <FractionofUnitsInLocation>0.0</FractionofUnitsInLocation>
          <LightingType>
            <FluorescentTube/>
          </LightingType>
        </LightingGroup>
        <LightingGroup>
          <SystemIdentifier id='LightingGroup6'/>
          <Location>exterior</Location>
          <FractionofUnitsInLocation>1.0</FractionofUnitsInLocation>
          <LightingType>
            <LightEmittingDiode/>
          </LightingType>
        </LightingGroup>
        <LightingGroup>
          <SystemIdentifier id='LightingGroup7'/>
          <Location>garage</Location>
          <FractionofUnitsInLocation>0.0</FractionofUnitsInLocation>
          <LightingType>
            <CompactFluorescent/>
          </LightingType>
        </LightingGroup>
        <LightingGroup>
          <SystemIdentifier id='LightingGroup8'/>
          <Location>garage</Location>
          <FractionofUnitsInLocation>0.0</FractionofUnitsInLocation>
          <LightingType>
            <FluorescentTube/>
          </LightingType>
        </LightingGroup>
        <LightingGroup>
          <SystemIdentifier id='LightingGroup9'/>
          <Location>garage</Location>
          <FractionofUnitsInLocation>1.0</FractionofUnitsInLocation>
          <LightingType>
            <LightEmittingDiode/>
          </LightingType>
        </LightingGroup>
        <extension>
          <InteriorUsageMultiplier>1.0</InteriorUsageMultiplier>
          <GarageUsageMultiplier>1.0</GarageUsageMultiplier>
          <ExteriorUsageMultiplier>1.0</ExteriorUsageMultiplier>
          <GarageWeekdayScheduleFractions dataSource='software'>0.046, 0.046, 0.046, 0.046, 0.046, 0.037, 0.035, 0.034, 0.033, 0.028, 0.022, 0.015, 0.012, 0.011, 0.011, 0.012, 0.019, 0.037, 0.049, 0.065, 0.091, 0.105, 0.091, 0.063</GarageWeekdayScheduleFractions>
          <GarageWeekendScheduleFractions dataSource='software'>0.046, 0.046, 0.045, 0.045, 0.046, 0.045, 0.044, 0.041, 0.036, 0.03, 0.024, 0.016, 0.012, 0.011, 0.011, 0.012, 0.019, 0.038, 0.048, 0.06, 0.083, 0.098, 0.085, 0.059</GarageWeekendScheduleFractions>
          <GarageMonthlyScheduleMultipliers dataSource='software'>1.248, 1.257, 0.993, 0.989, 0.993, 0.827, 0.821, 0.821, 0.827, 0.99, 0.987, 1.248</GarageMonthlyScheduleMultipliers>
          <ExteriorWeekdayScheduleFractions dataSource='software'>0.046, 0.046, 0.046, 0.046, 0.046, 0.037, 0.035, 0.034, 0.033, 0.028, 0.022, 0.015, 0.012, 0.011, 0.011, 0.012, 0.019, 0.037, 0.049, 0.065, 0.091, 0.105, 0.091, 0.063</ExteriorWeekdayScheduleFractions>
          <ExteriorWeekendScheduleFractions dataSource='software'>0.046, 0.046, 0.045, 0.045, 0.046, 0.045, 0.044, 0.041, 0.036, 0.03, 0.024, 0.016, 0.012, 0.011, 0.011, 0.012, 0.019, 0.038, 0.048, 0.06, 0.083, 0.098, 0.085, 0.059</ExteriorWeekendScheduleFractions>
          <ExteriorMonthlyScheduleMultipliers dataSource='software'>1.248, 1.257, 0.993, 0.989, 0.993, 0.827, 0.821, 0.821, 0.827, 0.99, 0.987, 1.248</ExteriorMonthlyScheduleMultipliers>
        </extension>
      </Lighting>
      <MiscLoads>
        <PlugLoad>
          <SystemIdentifier id='PlugLoad1'/>
          <PlugLoadType>other</PlugLoadType>
          <Load>
            <Units>kWh/year</Units>
            <Value>2250.23</Value>
          </Load>
          <extension>
            <FracSensible>0.93</FracSensible>
            <FracLatent>0.021</FracLatent>
            <UsageMultiplier>0.91</UsageMultiplier>
            <WeekdayScheduleFractions dataSource='software'>0.035, 0.033, 0.032, 0.031, 0.032, 0.033, 0.037, 0.042, 0.043, 0.043, 0.043, 0.044, 0.045, 0.045, 0.044, 0.046, 0.048, 0.052, 0.053, 0.05, 0.047, 0.045, 0.04, 0.036</WeekdayScheduleFractions>
            <WeekendScheduleFractions dataSource='software'>0.035, 0.033, 0.032, 0.031, 0.032, 0.033, 0.037, 0.042, 0.043, 0.043, 0.043, 0.044, 0.045, 0.045, 0.044, 0.046, 0.048, 0.052, 0.053, 0.05, 0.047, 0.045, 0.04, 0.036</WeekendScheduleFractions>
            <MonthlyScheduleMultipliers dataSource='software'>1.248, 1.257, 0.993, 0.989, 0.993, 0.827, 0.821, 0.821, 0.827, 0.99, 0.987, 1.248</MonthlyScheduleMultipliers>
          </extension>
        </PlugLoad>
      </MiscLoads>
    </BuildingDetails>
  </Building>
</HPXML>