Date and time,T_Bath (degC),T_Bed1 (degC),T_Bed2 (degC),El_use (W),T_External (degC),Gas (W),T_Kitchen (degC),T_Living (degC),Solar (W/m2),T_Store (degC),T_Thermostat (degC),T_Average (degC),P_tot (W)
10/6/2017 0:00,22.2,22.4,21.7,102,14.1,0,22.4,21.3,0,21.7,21.4,21.8077,102
10/6/2017 0:10,22.1,22.4,21.7,144,14,0,22.3,21.3,0,21.7,21.4,21.7908,144
10/6/2017 0:20,22.1,22.4,21.8,144,13.9,0,22.3,21.3,0,21.7,21.3,21.7813,144
10/6/2017 0:30,22.1,22.3,21.7,132,13.9,0,22.2,21.3,0,21.7,21.3,21.7371,132
10/6/2017 0:40,22,22.3,21.7,132,13.7,0,22.2,21.2,0,21.6,21.3,21.7013,132
10/6/2017 0:50,22,22.3,21.7,114,13.6,0,22.2,21.2,0,21.6,21.2,21.6813,114
10/6/2017 1:00,22,22.4,21.7,84,13.6,0,22.1,21.1,0,21.6,21.3,21.6897,84
10/6/2017 1:10,22,22.5,21.7,84,13.5,0,22.1,21,0,21.6,21.3,21.6876,84
10/6/2017 1:20,21.9,22.5,21.7,84,13.5,0,22,21,0,21.6,21.3,21.6707,84
10/6/2017 1:30,21.9,22.5,21.7,90,13.5,0,22,21,0,21.6,21.3,21.6707,90
10/6/2017 1:40,21.9,22.6,21.7,84,13.5,0,22,20.9,0,21.5,21.3,21.6665,84
10/6/2017 1:50,21.9,22.6,21.7,84,13.5,0,21.9,20.9,0,21.5,21.3,21.657,84
10/6/2017 2:00,21.9,22.6,21.7,84,13.5,0,21.9,20.9,0,21.5,21.3,21.657,84
10/6/2017 2:10,21.9,22.6,21.7,84,13.4,0,21.9,20.8,0,21.5,21.3,21.6307,84
10/6/2017 2:20,21.9,22.6,21.7,84,13.4,0,21.8,20.8,0,21.4,21.3,21.6191,84
10/6/2017 2:30,21.9,22.7,21.6,84,13.4,0,21.8,20.7,0,21.4,21.3,21.6065,84
10/6/2017 2:40,21.9,22.7,21.6,84,13.4,0,21.8,20.7,0,21.4,21.3,21.6065,84
10/6/2017 2:50,21.8,22.7,21.6,84,13.4,0,21.8,20.7,0,21.4,21.3,21.5991,84
10/6/2017 3:00,22,22.7,21.6,54,13.4,0,21.7,20.7,0,21.4,21.3,21.6044,54
10/6/2017 3:10,22,22.7,21.6,42,13.1,0,21.7,20.7,0,21.4,21.3,21.6044,42
10/6/2017 3:20,22,22.6,21.6,42,13.1,0,21.7,20.6,0,21.3,21.3,21.5518,42
10/6/2017 3:30,22,22.7,21.6,36,13.2,0,21.7,20.6,0,21.3,21.3,21.576,36
10/6/2017 3:40,22,22.7,21.6,42,13.3,0,21.6,20.6,0,21.3,21.3,21.5665,42
10/6/2017 3:50,22,22.6,21.5,42,13.4,0,21.6,20.5,0,21.3,21.3,21.5055,42
10/6/2017 4:00,22,22.7,21.5,36,13.4,0,21.5,20.5,0,21.3,21.2,21.5002,36
10/6/2017 4:10,22,22.7,21.5,42,13.4,0,21.5,20.5,0,21.2,21.2,21.4981,42
10/6/2017 4:20,22,22.7,21.5,42,13.4,0,21.5,20.5,0,21.2,21.2,21.4981,42
10/6/2017 4:30,22,22.7,21.5,36,13.4,0,21.4,20.5,0,21.2,21.2,21.4886,36
10/6/2017 4:40,22,22.7,21.5,42,13.5,0,21.4,20.4,0,21.2,21.2,21.4623,42
10/6/2017 4:50,22,22.7,21.5,78,13.4,0,21.4,20.4,3.3,21.2,21.2,21.4623,78
10/6/2017 5:00,22,22.6,21.5,96,13.4,0,21.4,20.4,3.3,21.1,21.2,21.436,96
10/6/2017 5:10,22,22.6,21.5,90,,0,21.3,20.4,3.3,21.1,21.1,21.4065,90
10/6/2017 5:20,22,22.6,21.5,84,13.4,0,21.3,20.4,9.7,21.1,21.2,21.4265,84
10/6/2017 5:30,22,22.5,21.5,90,13.4,0,21.3,20.4,6.5,21,21.1,21.3802,90
10/6/2017 5:40,22,22.6,21.5,84,13.4,0,21.3,20.4,13,21.1,21.1,21.4065,84
10/6/2017 5:50,22,22.6,21.5,90,13.4,0,21.3,20.3,29.2,21,21.1,21.3781,90
10/6/2017 6:00,22,22.6,21.4,84,13.4,0,21.3,20.3,58.4,21,21.1,21.3676,84
10/6/2017 6:10,22,22.6,21.4,84,13.5,0,21.3,20.3,35.7,21,21.1,21.3676,84
10/6/2017 6:20,22,22.6,21.4,84,13.7,0,21.2,20.3,48.6,21,21.1,21.3581,84
10/6/2017 6:30,22,22.6,21.4,102,13.7,0,21.2,20.3,58.4,21,21.1,21.3581,102
10/6/2017 6:40,22,22.6,21.4,132,13.8,0,21.2,20.3,55.1,21,21.1,21.3581,132
10/6/2017 6:50,22,22.6,21.4,90,13.8,0,21.2,20.3,58.4,21,21.1,21.3581,90
10/6/2017 7:00,22,22.5,21.4,72,14,0,21.2,20.3,48.6,21,21,21.3139,72
10/6/2017 7:10,22,22.6,21.4,48,14,0,21.2,20.3,84.3,21,21,21.3381,48
10/6/2017 7:20,22,22.6,21.4,42,14,0,21.2,20.2,129.7,21,21,21.3118,42
10/6/2017 7:30,22,22.6,21.4,42,14.1,0,21.2,20.2,120,21,21,21.3118,42
10/6/2017 7:40,22,22.6,21.4,48,,0,21.1,20.2,178.3,21,21,21.3023,48
10/6/2017 7:50,22.2,22.6,21.5,48,15.1,0,21.1,20.2,214,21,21,21.3276,48
10/6/2017 8:00,22.2,22.6,21.5,48,15.1,0,21.2,20.2,392.4,21,21,21.3371,48
10/6/2017 8:10,22.2,22.6,21.5,78,15.6,0,21.2,20.2,184.8,21,21,21.3371,78
10/6/2017 8:20,22.2,22.6,21.4,384,15.8,0,21.3,20.4,178.3,21,21.1,21.4087,384
10/6/2017 8:30,22.2,22.6,21.3,474,15.8,0,21.3,20.5,272.4,21,21.1,21.4245,474
10/6/2017 8:40,22.4,22.6,21.3,156,16.2,0,21.3,20.8,301.6,21,21.2,21.5382,156
10/6/2017 8:50,22.4,22.7,21.3,168,16.7,0,21.3,20.8,486.4,21,21.2,21.5624,168
10/6/2017 9:00,22.6,22.7,21.4,198,16.7,0,21.4,20.9,612.8,21.1,21.3,21.6456,198
10/6/2017 9:10,22.6,22.7,21.5,186,17,0,21.4,21,680.9,21.1,21.3,21.6824,186
10/6/2017 9:20,22.7,22.7,21.4,192,17.5,0,21.4,21.1,204.3,21.1,21.3,21.7056,192
10/6/2017 9:30,22.8,22.8,21.5,186,17.5,0,21.4,21.2,693.9,21.1,21.4,21.794,186
10/6/2017 9:40,22.7,22.7,21.5,174,17.6,0,21.5,21.3,749,21.2,21.5,21.8203,174
10/6/2017 9:50,22.8,22.7,21.5,174,17.6,0,21.5,21.4,713.4,21.2,21.5,21.854,174
10/6/2017 10:00,22.8,22.7,21.5,180,18.1,0,21.6,21.5,778.2,21.2,21.6,21.9098,180
10/6/2017 10:10,22.8,22.6,21.5,174,18.4,0,21.6,21.5,807.4,21.2,21.5,21.8656,174
10/6/2017 10:20,22.8,22.6,21.6,168,18.4,0,21.6,21.7,800.9,21.2,21.6,21.9487,168
10/6/2017 10:30,22.7,22.6,21.7,618,19.1,0,21.6,21.7,869,21.2,21.6,21.9518,618
10/6/2017 10:40,22.7,22.6,21.6,348,19.4,0,21.8,21.8,826.8,21.2,21.7,22.0066,348
10/6/2017 10:50,22.6,22.6,21.7,186,19.4,0,22,21.8,230.2,21.2,21.8,22.0487,186
10/6/2017 11:00,22.6,22.6,21.7,186,19.7,0,22.1,21.8,830.1,21.2,21.8,22.0582,186
10/6/2017 11:10,22.7,22.6,21.7,864,20,0,22.2,21.9,833.3,21.3,21.9,22.1235,864
10/6/2017 11:20,22.6,22.6,21.7,2088,20.4,0,22.2,21.8,849.5,21.2,21.9,22.0877,2088
10/6/2017 11:30,22.5,22.5,21.7,2634,20.4,0,22.2,21.8,852.8,21.2,21.8,22.0361,2634
10/6/2017 11:40,22.5,22.5,21.6,798,20.6,0,22.5,21.9,865.8,21.3,22,22.1225,798
10/6/2017 11:50,22.5,22.5,21.6,300,21,0,22.5,22,872.2,21.2,22,22.1467,300
10/6/2017 12:00,22.4,22.4,21.6,318,,0,22.5,21.9,882,21.2,22,22.0888,318
10/6/2017 12:10,22.5,22.5,21.7,660,21.4,0,22.5,21.8,882,21.2,21.9,22.0846,660
10/6/2017 12:20,22.7,22.5,21.7,240,21.4,0,22.5,21.9,888.5,21.2,21.8,22.1057,240
10/6/2017 12:30,23.4,22.5,21.7,360,22.1,0,22.5,21.9,901.4,21.2,21.9,22.1775,360
10/6/2017 12:40,23.1,22.6,21.7,246,22.8,0,22.4,21.9,901.4,21.2,21.9,22.17,246
10/6/2017 12:50,23.2,22.7,21.8,234,22.8,0,22.4,22,901.4,21.2,21.8,22.2184,234
10/6/2017 13:00,23.4,22.7,21.8,510,23.1,0,22.5,22,904.7,21.2,21.9,22.2627,510
10/6/2017 13:10,23.3,22.7,21.8,222,23.6,0,22.7,22,898.2,21.2,22,22.2943,222
10/6/2017 13:20,23.2,22.6,21.8,216,24,0,22.7,22,901.4,21.2,22.1,22.2827,216
10/6/2017 13:30,23.2,22.7,21.8,288,24,0,22.7,22,901.4,21.3,22.1,22.309,288
10/6/2017 13:40,23.2,22.7,21.8,510,24.4,0,22.7,22,894.9,21.4,22.1,22.3111,510
10/6/2017 13:50,23.2,22.7,21.8,114,24,0,22.7,22,894.9,21.4,22.2,22.3311,114
10/6/2017 14:00,23.2,22.7,21.8,102,24,0,22.7,22,885.2,21.4,22.2,22.3311,102
10/6/2017 14:10,23.2,22.7,21.8,96,23.9,0,22.7,21.9,878.7,21.4,22.1,22.2848,96
10/6/2017 14:20,23.3,22.7,21.8,90,23.9,0,22.7,21.9,872.2,21.5,22.1,22.2943,90
10/6/2017 14:30,23.3,22.7,21.9,96,24.1,0,22.6,21.9,885.2,21.5,22.1,22.2953,96
10/6/2017 14:40,23.3,22.7,21.8,96,24,0,22.6,21.8,888.5,21.5,22.1,22.2585,96
10/6/2017 14:50,23.3,22.7,21.8,102,24.3,0,22.6,21.8,826.8,21.5,22.1,22.2585,102
10/6/2017 15:00,23.4,22.8,21.8,90,24.3,0,22.6,21.8,823.6,21.5,22.1,22.2901,90
10/6/2017 15:10,23.4,22.7,21.8,96,24.2,0,22.6,21.8,830.1,21.5,22.1,22.2659,96
10/6/2017 15:20,23.4,22.7,21.9,102,24.1,0,22.5,21.8,703.6,21.5,22.1,22.2669,102
10/6/2017 15:30,23.4,22.7,21.9,48,24.1,0,22.5,21.8,713.4,21.5,22,22.2469,48
10/6/2017 15:40,23.4,22.8,21.9,48,24,0,22.5,21.7,693.9,21.5,22.1,22.2648,48
10/6/2017 15:50,23.5,22.8,21.9,54,23.3,0,22.5,21.7,379.4,21.6,22.1,22.2743,54
10/6/2017 16:00,23.4,22.8,21.9,48,,0,22.5,21.7,616.1,21.6,22.1,22.2669,48
10/6/2017 16:10,23.5,22.7,21.9,54,23.2,0,22.5,21.7,590.1,21.6,22.1,22.2501,54
10/6/2017 16:20,23.4,22.8,21.9,48,23.3,0,22.5,21.7,726.3,21.5,22.1,22.2648,48
10/6/2017 16:30,23.5,22.8,21.9,54,23.3,0,22.4,21.7,655,21.6,22.1,22.2648,54
10/6/2017 16:40,23.4,22.8,21.9,54,23.4,0,22.4,21.7,586.9,21.6,22.1,22.2574,54
10/6/2017 16:50,23.4,22.8,21.9,60,23.4,0,22.4,21.7,308,21.6,22.1,22.2574,60
10/6/2017 17:00,23.5,22.8,22,54,23,0,22.5,21.6,431.3,21.6,22.1,22.2585,54
10/6/2017 17:10,23.4,22.8,22,96,23.3,0,22.4,21.6,214,21.6,22.1,22.2416,96
10/6/2017 17:20,23.4,22.8,21.9,114,22.9,0,22.4,21.6,152.4,21.6,22.1,22.2311,114
10/6/2017 17:30,23.4,22.9,22,102,22.9,0,22.5,21.6,447.5,21.6,22.1,22.2753,102
10/6/2017 17:40,23.3,22.8,22,102,22.9,0,22.4,21.6,535,21.6,22.1,22.2342,102
10/6/2017 17:50,23.3,22.8,22,102,22.9,0,22.4,21.6,201,21.6,22.1,22.2342,102
10/6/2017 18:00,23.3,22.8,22,108,23.4,0,22.4,21.6,243.2,21.6,22.1,22.2342,108
10/6/2017 18:10,23.4,22.9,22,96,23.3,0,22.5,21.6,304.8,21.6,22.2,22.2953,96
10/6/2017 18:20,23.4,22.9,22.1,102,23.5,0,22.5,21.6,139.4,21.6,22.2,22.3058,102
10/6/2017 18:30,23.4,22.9,22,102,,0,22.5,21.5,110.3,21.6,22.2,22.269,102
10/6/2017 18:40,23.4,22.9,22.1,102,,0,22.6,21.5,116.7,21.7,22.2,22.2911,102
10/6/2017 18:50,23.4,23,22,102,,0,22.6,21.5,110.3,21.7,22.2,22.3048,102
10/6/2017 19:00,23.3,23,22.1,102,21.2,0,22.6,21.5,100.5,21.6,22.2,22.3058,102
10/6/2017 19:10,23.3,23,22.1,96,21.2,0,22.6,21.5,48.6,21.7,22.2,22.3079,96
10/6/2017 19:20,23.4,23,22.1,102,21.2,0,22.5,21.5,42.2,21.7,22.2,22.3058,102
10/6/2017 19:30,23.4,23,22.1,84,21.4,0,22.6,21.5,35.7,21.7,22.2,22.3153,84
10/6/2017 19:40,23.4,23.1,22.1,60,21.2,0,22.6,21.5,29.2,21.7,22.2,22.3395,60
10/6/2017 19:50,23.4,23.2,22.1,54,21.2,0,22.5,21.5,29.2,21.7,22.2,22.3542,54
10/6/2017 20:00,23.4,23.2,22.1,60,20.9,0,22.5,21.5,25.9,21.7,22.2,22.3542,60
10/6/2017 20:10,23.4,23.2,22.1,54,20.6,0,22.5,21.5,22.7,21.7,22.2,22.3542,54
10/6/2017 20:20,23.4,23.1,22.1,72,20.2,0,22.4,21.5,16.2,21.7,22.1,22.3005,72
10/6/2017 20:30,23.4,23.2,22.1,66,20.2,0,22.4,21.4,13,21.7,22.1,22.2984,66
10/6/2017 20:40,23.3,23,22.1,66,19.7,0,22.3,21.4,13,21.7,22.1,22.2331,66
10/6/2017 20:50,23.3,23,22.1,78,19.7,0,22.3,21.4,6.5,21.7,22,22.2131,78
10/6/2017 21:00,23.2,23,22.1,72,19.3,0,22.3,21.4,3.3,21.7,22,22.2057,72
10/6/2017 21:10,23.2,23,22.2,78,19.1,0,22.2,21.4,0,21.7,22,22.2067,78
10/6/2017 21:20,23.2,23,22.2,66,19.1,0,22.2,21.4,0,21.7,22,22.2067,66
10/6/2017 21:30,23.2,23,22.1,120,18.8,0,22.2,21.4,0,21.7,21.9,22.1762,120
10/6/2017 21:40,23.2,23,22.2,108,18.5,0,22.1,21.4,0,21.7,21.9,22.1772,108
10/6/2017 21:50,23.1,22.9,22.2,108,,0,22.1,21.3,0,21.7,21.9,22.1193,108
10/6/2017 22:00,23.1,22.9,22.1,102,18.3,0,22.1,21.3,0,21.7,21.9,22.1088,102
10/6/2017 22:10,23.1,22.9,22.1,102,18.4,0,22.1,21.3,0,21.7,21.9,22.1088,102
10/6/2017 22:20,23.1,22.9,22.2,108,18.4,0,22.1,21.3,0,21.7,21.9,22.1193,108
10/6/2017 22:30,23.1,22.9,22.2,102,17.9,0,22,21.3,0,21.7,21.9,22.1098,102
10/6/2017 22:40,23,22.9,22.1,102,17.9,0,22,21.3,0,21.7,21.8,22.0719,102
10/6/2017 22:50,23,22.9,22.1,102,17.8,0,22,21.3,0,21.7,21.8,22.0719,102
10/6/2017 23:00,23,22.8,22.1,102,17.7,0,22,21.3,0,21.7,21.8,22.0477,102
10/6/2017 23:10,23,22.8,22.1,96,17.5,0,22,21.3,0,21.7,21.8,22.0477,96
10/6/2017 23:20,23,22.8,22.1,90,17.5,0,22,21.3,0,21.7,21.8,22.0477,90
10/6/2017 23:30,23,22.8,22.1,96,17.4,0,22,21.2,0,21.7,21.8,22.0214,96
10/6/2017 23:40,23,22.8,22.2,72,17.6,0,21.9,21.3,0,21.7,21.8,22.0487,72
10/6/2017 23:50,23,22.8,22.1,54,,0,21.9,21.2,0,21.7,21.8,22.0119,54
11/6/2017 0:00,23,22.8,22.1,48,17.1,0,21.9,21.2,0,21.7,21.7,21.9919,48
11/6/2017 0:10,23,22.8,22.1,54,17,0,21.9,21.2,0,21.7,21.7,21.9919,54
11/6/2017 0:20,22.9,22.8,22.1,48,17,0,21.9,21.2,0,21.7,21.7,21.9845,48
11/6/2017 0:30,23,22.8,22.1,48,16.9,0,21.8,21.2,0,21.7,21.7,21.9824,48
11/6/2017 0:40,22.9,22.8,22.1,54,16.9,0,21.8,21.2,0,21.7,21.7,21.975,54
11/6/2017 0:50,22.9,22.7,22.1,48,16.9,0,21.8,21.2,0,21.7,21.6,21.9308,48
11/6/2017 1:00,22.9,22.7,22.1,54,16.6,0,21.8,21.2,0,21.7,21.6,21.9308,54
11/6/2017 1:10,22.9,22.7,22.1,48,16.8,0,21.7,21.2,0,21.7,21.6,21.9213,48
11/6/2017 1:20,22.9,22.7,22.1,54,16.8,0,21.7,21.1,0,21.7,21.6,21.895,54
11/6/2017 1:30,22.8,22.7,22.1,48,16.5,0,21.7,21.2,0,21.6,21.6,21.9118,48
11/6/2017 1:40,22.8,22.7,22.1,66,16.5,0,21.7,21.1,0,21.7,21.6,21.8876,66
11/6/2017 1:50,22.8,22.7,22.1,102,16.6,0,21.6,21.1,0,21.6,21.6,21.876,102
11/6/2017 2:00,22.8,22.7,22.1,102,16.8,0,21.7,21.1,0,21.6,21.6,21.8855,102
11/6/2017 2:10,22.8,22.7,22.1,102,16.9,0,21.6,21.1,0,21.6,21.6,21.876,102
11/6/2017 2:20,22.8,22.7,22.1,102,16.9,0,21.6,21.1,0,21.6,21.6,21.876,102
11/6/2017 2:30,22.8,22.6,22.1,96,17,0,21.6,21.1,0,21.6,21.6,21.8518,96
11/6/2017 2:40,22.7,22.6,22,96,17,0,21.6,21.1,0,21.6,21.5,21.8139,96
11/6/2017 2:50,22.7,22.6,22.1,84,17,0,21.6,21.1,0,21.6,21.6,21.8444,84
11/6/2017 3:00,22.7,22.6,22,84,16.9,0,21.6,21.1,0,21.6,21.5,21.8139,84
11/6/2017 3:10,22.7,22.6,22,78,,0,21.6,21.1,0,21.6,21.5,21.8139,78
11/6/2017 3:20,22.7,22.6,22,78,16.7,0,21.6,21.1,0,21.6,21.5,21.8139,78
11/6/2017 3:30,22.7,22.6,22,78,16.7,0,21.6,21.1,0,21.6,21.5,21.8139,78
11/6/2017 3:40,22.7,22.6,22,78,16.6,0,21.6,21,0,21.6,21.5,21.7876,78
11/6/2017 3:50,22.6,22.6,22,54,16.6,0,21.6,21,0,21.5,21.5,21.7781,54
11/6/2017 4:00,22.7,22.6,22,36,16.5,0,21.6,21,0,21.5,21.5,21.7855,36
11/6/2017 4:10,22.6,22.5,22,30,16.5,0,21.6,21,0,21.5,21.5,21.7539,30
11/6/2017 4:20,22.6,22.5,22,36,16.5,0,21.5,21,0,21.5,21.5,21.7444,36
11/6/2017 4:30,22.6,22.5,22,30,16.7,0,21.5,21,0,21.5,21.5,21.7444,30
11/6/2017 4:40,22.6,22.5,22,36,16.4,0,21.5,21,0,21.5,21.5,21.7444,36
11/6/2017 4:50,22.5,22.5,22,30,16.4,0,21.5,21,0,21.5,21.4,21.717,30
11/6/2017 5:00,22.6,22.5,21.9,36,16.4,0,21.5,21,0,21.5,21.4,21.7139,36
11/6/2017 5:10,22.5,22.5,21.9,36,,0,21.5,20.9,0,21.5,21.4,21.6802,36
11/6/2017 5:20,22.5,22.5,21.9,36,16.3,0,21.5,20.9,6.5,21.5,21.4,21.6802,36
11/6/2017 5:30,22.5,22.5,21.9,30,16.2,0,21.4,20.9,9.7,21.4,21.4,21.6686,30
11/6/2017 5:40,22.5,22.5,21.9,36,16.1,0,21.4,20.9,13,21.4,21.4,21.6686,36
11/6/2017 5:50,22.5,22.5,21.9,42,16.1,0,21.4,20.9,25.9,21.4,21.4,21.6686,42
11/6/2017 6:00,22.5,22.5,21.9,108,16.1,0,21.4,20.9,22.7,21.4,21.4,21.6686,108
11/6/2017 6:10,22.5,22.4,21.9,102,16.1,0,21.4,20.9,51.9,21.4,21.4,21.6444,102
11/6/2017 6:20,22.5,22.5,21.9,96,16.1,0,21.4,20.9,68.1,21.4,21.4,21.6686,96
11/6/2017 6:30,22.5,22.5,21.9,102,16.2,0,21.4,20.9,74.6,21.4,21.4,21.6686,102
11/6/2017 6:40,22.5,22.5,21.9,102,16.6,0,21.4,21,103.8,21.4,21.4,21.6949,102
11/6/2017 6:50,22.5,22.5,21.9,108,16.6,0,21.4,21,116.7,21.4,21.4,21.6949,108
11/6/2017 7:00,22.5,22.5,21.9,96,16.7,0,21.4,21,168.6,21.4,21.4,21.6949,96
11/6/2017 7:10,22.6,22.5,21.9,108,16.6,0,21.4,21,288.6,21.4,21.4,21.7023,108
11/6/2017 7:20,22.6,22.5,21.9,108,16.6,0,21.5,21,385.9,21.4,21.4,21.7118,108
11/6/2017 7:30,22.8,22.5,21.9,96,16.8,0,21.5,21,201,21.4,21.4,21.7266,96
11/6/2017 7:40,23.2,22.5,21.9,96,17,0,21.5,21,194.6,21.4,21.5,21.7762,96
11/6/2017 7:50,23.2,22.5,21.9,108,17,0,21.5,21.1,129.7,21.4,21.5,21.8025,108
11/6/2017 8:00,23.3,22.5,21.9,96,17.1,0,21.5,21.2,197.8,21.4,21.5,21.8362,96
11/6/2017 8:10,23.5,22.5,22,60,17.1,0,21.5,21.3,457.2,21.4,21.5,21.8878,60
11/6/2017 8:20,23.5,22.5,22,54,17.1,0,21.5,21.4,551.2,21.4,21.5,21.9141,54
11/6/2017 8:30,23.5,22.5,22,60,17.9,0,21.5,21.4,612.8,21.4,21.5,21.9141,60
11/6/2017 8:40,23.6,22.5,22,54,18.1,0,21.5,21.5,551.2,21.4,21.5,21.9478,54
11/6/2017 8:50,23.5,22.5,22,54,,0,21.6,21.6,518.8,21.4,21.6,21.9962,54
11/6/2017 9:00,23.6,22.5,22.1,60,18.2,0,21.6,21.7,629.1,21.4,21.6,22.0404,60
11/6/2017 9:10,23.6,22.6,22.1,54,18.6,0,21.6,21.7,570.7,21.5,21.6,22.0667,54
11/6/2017 9:20,23.6,22.6,22.1,60,18.6,0,21.7,21.8,648.5,21.5,21.7,22.1225,60
11/6/2017 9:30,23.6,22.6,22.2,48,18.6,0,21.6,21.9,359.9,21.5,21.7,22.1498,48
11/6/2017 9:40,23.7,22.6,22.2,54,18.5,0,21.7,21.9,680.9,21.5,21.7,22.1667,54
11/6/2017 9:50,23.7,22.6,22.2,54,18.5,0,21.7,22,703.6,21.5,21.8,22.213,54
11/6/2017 10:00,23.6,22.6,22.2,48,19.3,0,21.7,22,466.9,21.6,21.7,22.1877,48
11/6/2017 10:10,23.5,22.6,22.2,84,19.3,0,21.7,22,395.6,21.5,21.7,22.1782,84
11/6/2017 10:20,23.5,22.6,22.2,108,19.6,0,21.7,21.9,826.8,21.5,21.8,22.1719,108
11/6/2017 10:30,23.5,22.6,22.3,96,19.7,0,21.7,21.9,813.9,21.5,21.8,22.1824,96
11/6/2017 10:40,23.5,22.6,22.3,102,19.8,0,21.8,22,797.7,21.5,21.8,22.2182,102
11/6/2017 10:50,23.5,22.6,22.3,96,19.8,0,21.8,22,846.3,21.5,21.8,22.2182,96
11/6/2017 11:00,23.4,22.6,22.3,96,20.2,0,21.8,22,943.6,21.5,21.8,22.2108,96
11/6/2017 11:10,23.4,22.7,22.3,96,20.2,0,21.8,22.1,564.2,21.5,21.8,22.2613,96
11/6/2017 11:20,23.4,22.7,22.4,102,20.7,0,21.9,22.1,885.2,21.5,21.9,22.3013,102
11/6/2017 11:30,23.4,22.7,22.4,90,21.4,0,21.9,22.1,291.8,21.6,21.8,22.2834,90
11/6/2017 11:40,23.4,22.7,22.4,96,21.4,0,21.9,22.2,194.6,21.6,21.9,22.3297,96
11/6/2017 11:50,23.3,22.7,22.4,96,20.7,0,22,22.1,940.3,21.6,21.9,22.3055,96
11/6/2017 12:00,23.4,22.7,22.4,96,,0,22,22.2,920.9,21.6,21.9,22.3392,96
11/6/2017 12:10,23.3,22.7,22.5,108,20.7,0,22,22.2,966.3,21.6,21.9,22.3423,108
11/6/2017 12:20,23.4,22.7,22.4,96,21.4,0,22,22.2,1203,21.6,22,22.3592,96
11/6/2017 12:30,23.4,22.7,22.4,72,21.6,0,22,22.2,648.5,21.6,22,22.3592,72
11/6/2017 12:40,23.4,22.7,22.5,60,21.6,0,22,22.2,479.9,21.6,22,22.3697,60
11/6/2017 12:50,23.4,22.8,22.5,54,21.6,0,22,22.2,716.6,21.6,22,22.3939,54
11/6/2017 13:00,23.4,22.8,22.5,60,22.1,0,22,22.2,710.1,21.7,22,22.396,60
11/6/2017 13:10,23.5,22.8,22.5,48,22.1,0,22.1,22.2,645.3,21.7,22,22.4129,48
11/6/2017 13:20,23.5,22.8,22.5,54,21.8,0,22,22.2,703.6,21.6,22,22.4013,54
11/6/2017 13:30,23.5,22.8,22.5,42,21.6,0,22.1,22.1,379.4,21.7,22,22.3866,42
11/6/2017 13:40,23.5,22.8,22.5,54,21.6,0,22,22.1,431.3,21.7,22,22.3771,54
11/6/2017 13:50,23.4,22.8,22.5,54,20.8,0,22.1,22.1,356.7,21.7,22,22.3792,54
11/6/2017 14:00,23.5,22.8,22.5,42,21.1,0,22,22,418.3,21.7,22,22.3508,42
11/6/2017 14:10,23.5,22.8,22.5,54,20.9,0,22.1,22,541.5,21.7,22,22.3603,54
11/6/2017 14:20,23.6,22.8,22.5,48,20.9,0,22.1,22,950.1,21.7,22,22.3677,48
11/6/2017 14:30,23.7,22.9,22.5,72,22,0,22.1,22,479.9,21.7,22.1,22.4193,72
11/6/2017 14:40,23.7,22.9,22.5,102,21.8,0,22.1,22,736.1,21.7,22,22.3993,102
11/6/2017 14:50,23.7,22.9,22.5,108,21.8,0,22.1,22.1,826.8,21.7,22.1,22.4456,108
11/6/2017 15:00,23.7,22.9,22.5,102,21.2,0,22.2,22,976,21.7,22,22.4088,102
11/6/2017 15:10,23.8,22.9,22.6,90,21.2,0,22.1,22,240,21.7,22.1,22.4372,90
11/6/2017 15:20,23.8,22.9,22.6,102,21.8,0,22.2,22,933.8,21.8,22.1,22.4488,102
11/6/2017 15:30,23.9,22.9,22.6,96,21.3,0,22.2,22.1,359.9,21.8,22.1,22.4825,96
11/6/2017 15:40,24,22.9,22.6,96,21.3,0,22.2,22.1,739.3,21.8,22.1,22.4899,96
11/6/2017 15:50,24.1,22.9,22.6,96,21.7,0,22.2,22,353.4,21.8,22.2,22.491,96
11/6/2017 16:00,24.1,22.9,22.6,90,21.4,0,22.2,22,278.9,21.8,22.2,22.491,90
11/6/2017 16:10,24.1,22.9,22.7,96,21.4,0,22.2,22.1,233.5,21.8,22.2,22.5278,96
11/6/2017 16:20,24.1,22.9,22.6,96,21.5,0,22.2,22,765.2,21.8,22.2,22.491,96
11/6/2017 16:30,24.1,22.9,22.6,96,22.1,0,22.3,22,168.6,21.8,22.2,22.5005,96
11/6/2017 16:40,24.1,22.9,22.7,102,22.1,0,22.3,22,262.7,21.8,22.2,22.511,102
11/6/2017 16:50,24,22.9,22.7,96,21.3,0,22.2,22,259.4,21.8,22.2,22.4941,96
11/6/2017 17:00,23.9,22.9,22.6,54,20.6,0,22.2,22,227,21.8,22.1,22.4562,54
11/6/2017 17:10,24,23,22.7,60,20.6,0,22.2,22,133,21.8,22.2,22.5183,60
11/6/2017 17:20,24,23,22.7,54,,0,22.3,22,233.5,21.9,22.2,22.5299,54
11/6/2017 17:30,24,22.9,22.7,54,20.5,0,22.2,22,201,21.9,22.2,22.4962,54
11/6/2017 17:40,24,23,22.7,54,20.5,0,22.2,21.9,149.2,21.9,22.3,22.5141,54
11/6/2017 17:50,24,23,22.7,54,20.3,0,22.3,21.9,551.2,21.9,22.2,22.5036,54
11/6/2017 18:00,23.9,23,22.7,54,20.7,0,22.3,21.9,489.6,21.9,22.2,22.4962,54
11/6/2017 18:10,23.9,23,22.7,60,20.8,0,22.2,21.9,483.1,21.9,22.1,22.4667,60
11/6/2017 18:20,23.8,23,22.7,54,20.8,0,22.2,21.9,418.3,21.9,22.1,22.4593,54
11/6/2017 18:30,23.9,23.1,22.7,60,20.7,0,22.2,21.9,58.4,21.9,22.2,22.5109,60
11/6/2017 18:40,23.9,23.1,22.7,54,20.7,0,22.3,21.9,77.8,21.9,22.2,22.5204,54
11/6/2017 18:50,23.8,23,22.7,48,20,0,22.2,21.9,110.3,21.9,22.1,22.4593,48
11/6/2017 19:00,23.8,23,22.7,114,20,0,22.2,21.9,61.6,21.9,22.1,22.4593,114
11/6/2017 19:10,23.9,23.1,22.7,102,19.9,0,22.3,21.9,68.1,21.9,22.2,22.5204,102
11/6/2017 19:20,23.9,23.1,22.7,108,19.5,0,22.3,21.9,107,21.9,22.1,22.5004,108
11/6/2017 19:30,23.9,23.3,22.7,102,18.7,0,22.4,21.9,68.1,21.9,22.2,22.5783,102
11/6/2017 19:40,23.9,23.3,22.8,102,18.7,0,22.4,21.8,71.3,22,22.2,22.5646,102
11/6/2017 19:50,23.9,23.3,22.8,102,18.2,0,22.3,21.9,55.1,21.9,22.2,22.5793,102
11/6/2017 20:00,23.8,23.2,22.7,108,17.8,0,22.3,21.8,38.9,21.9,22.1,22.4909,108
11/6/2017 20:10,23.9,23.2,22.8,102,17.8,0,22.3,21.8,35.7,21.9,22.1,22.5088,102
11/6/2017 20:20,23.9,23.3,22.7,102,17.2,0,22.3,21.8,19.5,21.9,22.1,22.5225,102
11/6/2017 20:30,23.9,23.3,22.7,108,17,0,22.3,21.8,16.2,21.9,22.1,22.5225,108
11/6/2017 20:40,23.8,23.2,22.7,114,17,0,22.3,21.8,13,21.9,22,22.4709,114
11/6/2017 20:50,23.7,23.2,22.7,114,16.7,0,22.2,21.7,6.5,21.9,22,22.4277,114
11/6/2017 21:00,23.7,23.1,22.7,120,16.1,0,22.2,21.7,3.3,21.9,22,22.4035,120
11/6/2017 21:10,23.6,23.1,22.7,120,16.1,0,22.2,21.7,0,21.9,22,22.3961,120
11/6/2017 21:20,23.6,23.1,22.7,78,15.7,0,22.2,21.6,0,21.9,21.9,22.3498,78
11/6/2017 21:30,23.6,23.1,22.6,66,15.3,0,22.1,21.6,0,21.9,21.9,22.3298,66
11/6/2017 21:40,23.5,23,22.7,60,15.3,0,22.1,21.5,0,21.9,21.8,22.2624,60
11/6/2017 21:50,23.5,23,22.6,54,14.9,0,22.1,21.5,0,21.9,21.8,22.2519,54
11/6/2017 22:00,23.5,23,22.6,60,14.7,0,22,21.5,0,21.9,21.8,22.2424,60
11/6/2017 22:10,23.5,23,22.6,54,14.7,0,22,21.5,0,21.9,21.7,22.2224,54
11/6/2017 22:20,23.4,23,22.6,54,14.4,0,22,21.5,0,21.8,21.7,22.2129,54
11/6/2017 22:30,23.4,23,22.6,60,14.1,0,21.9,21.4,0,21.8,21.7,22.1771,60
11/6/2017 22:40,23.4,22.9,22.6,54,14.1,0,21.9,21.4,0,21.8,21.7,22.1529,54
11/6/2017 22:50,23.3,22.9,22.5,60,,0,21.9,21.4,0,21.8,21.6,22.115,60
11/6/2017 23:00,23.3,22.9,22.5,54,13.7,0,21.8,21.4,0,21.8,21.6,22.1055,54
11/6/2017 23:10,23.3,22.9,22.5,48,13.7,0,21.8,21.3,0,21.8,21.6,22.0792,48
11/6/2017 23:20,23.2,22.9,22.5,90,13.5,0,21.8,21.3,0,21.8,21.6,22.0718,90
11/6/2017 23:30,23.2,22.9,22.5,102,13.4,0,21.8,21.3,0,21.7,21.6,22.0697,102
11/6/2017 23:40,23.2,22.9,22.5,102,13.4,0,21.7,21.3,0,21.7,21.6,22.0602,102
11/6/2017 23:50,23.2,22.8,22.5,102,13.3,0,21.7,21.3,0,21.7,21.5,22.016,102
12/6/2017 0:00,23.1,22.8,22.5,96,13.3,0,21.7,21.3,0,21.7,21.5,22.0086,96
12/6/2017 0:10,23.1,22.8,22.5,96,13.3,0,21.7,21.3,0,21.7,21.5,22.0086,96
12/6/2017 0:20,23.1,22.8,22.4,96,13.4,0,21.7,21.2,0,21.7,21.5,21.9718,96
12/6/2017 0:30,23.1,22.8,22.4,96,13.4,0,21.7,21.2,0,21.7,21.5,21.9718,96
12/6/2017 0:40,23.1,22.8,22.4,96,13.5,0,21.7,21.2,0,21.7,21.5,21.9718,96
12/6/2017 0:50,23,22.8,22.4,96,13.5,0,21.6,21.2,0,21.6,21.5,21.9528,96
12/6/2017 1:00,23,22.8,22.4,96,13.5,0,21.6,21.2,0,21.6,21.5,21.9528,96
12/6/2017 1:10,23,22.7,22.3,96,13.5,0,21.6,21.2,0,21.6,21.5,21.9181,96
12/6/2017 1:20,22.9,22.7,22.3,96,,0,21.6,21.2,0,21.6,21.5,21.9107,96
12/6/2017 1:30,22.9,22.7,22.3,54,13.2,0,21.6,21.2,0,21.6,21.4,21.8907,54
12/6/2017 1:40,22.9,22.7,22.3,54,13.2,0,21.5,21.1,0,21.5,21.4,21.8528,54
12/6/2017 1:50,22.8,22.7,22.2,48,13.3,0,21.5,21.1,0,21.5,21.4,21.8349,48
12/6/2017 2:00,22.8,22.7,22.2,48,13.4,0,21.5,21.1,0,21.5,21.4,21.8349,48
12/6/2017 2:10,22.8,22.6,22.2,54,13.4,0,21.5,21.1,0,21.5,21.4,21.8107,54
12/6/2017 2:20,22.8,22.6,22.2,48,13.3,0,21.5,21.1,0,21.5,21.4,21.8107,48
12/6/2017 2:30,22.7,22.6,22.2,48,13.3,0,21.5,21,0,21.5,21.3,21.757,48
12/6/2017 2:40,22.7,22.6,22.1,54,13.1,0,21.4,21,0,21.4,21.3,21.7349,54
12/6/2017 2:50,22.7,22.6,22.1,42,12.8,0,21.4,21,0,21.4,21.3,21.7349,42
12/6/2017 3:00,22.7,22.6,22.1,30,12.5,0,21.4,21,0,21.4,21.3,21.7349,30
12/6/2017 3:10,22.6,22.6,22.1,30,12.5,0,21.4,21,0,21.4,21.2,21.7075,30
12/6/2017 3:20,22.6,22.5,22.1,36,12.4,0,21.3,21,0,21.4,21.2,21.6738,36
12/6/2017 3:30,22.5,22.5,22,48,12.5,0,21.3,20.9,0,21.3,21.2,21.6275,48
12/6/2017 3:40,22.5,22.5,22,84,12.5,0,21.3,20.9,0,21.3,21.2,21.6275,84
12/6/2017 3:50,22.5,22.5,22,84,12.7,0,21.3,20.9,0,21.3,21.2,21.6275,84
12/6/2017 4:00,22.5,22.5,21.9,84,12.4,0,21.3,20.9,0,21.3,21.2,21.617,84
12/6/2017 4:10,22.5,22.5,21.9,78,12.4,0,21.3,20.9,0,21.3,21.2,21.617,78
12/6/2017 4:20,22.5,22.5,21.9,84,12.2,0,21.3,20.8,0,21.2,21.2,21.5886,84
12/6/2017 4:30,22.4,22.4,21.9,78,12,0,21.3,20.8,0,21.2,21.1,21.537,78
12/6/2017 4:40,22.4,22.4,21.9,78,12,0,21.3,20.8,0,21.2,21.1,21.537,78
12/6/2017 4:50,22.4,22.4,21.9,78,11.7,0,21.2,20.8,3.3,21.2,21.1,21.5275,78
12/6/2017 5:00,22.3,22.4,21.8,78,11.6,0,21.2,20.8,6.5,21.1,21.1,21.5075,78
12/6/2017 5:10,22.3,22.4,21.8,78,11.6,0,21.2,20.8,9.7,21.1,21.1,21.5075,78
12/6/2017 5:20,22.3,22.4,21.8,84,11.5,0,21.2,20.8,19.5,21.1,21.1,21.5075,84
12/6/2017 5:30,22.3,22.4,21.8,72,11.5,0,21.2,20.7,19.5,21.1,21.1,21.4812,72
12/6/2017 5:40,22.2,22.3,21.8,48,11.5,0,21.2,20.7,48.6,21.1,21.1,21.4496,48
12/6/2017 5:50,22.2,22.3,21.7,36,11.6,0,21.2,20.7,38.9,21,21,21.417,36
12/6/2017 6:00,22.2,22.3,21.7,54,11.6,0,21.1,20.7,55.1,21,21,21.4075,54
12/6/2017 6:10,22.2,22.3,21.7,48,12,0,21.1,20.7,61.6,21,21,21.4075,48
12/6/2017 6:20,22.2,22.3,21.7,48,12.4,0,21.1,20.7,51.9,21,21,21.4075,48
12/6/2017 6:30,22.1,22.3,21.7,48,12.7,0,21.1,20.7,71.3,21,21,21.4001,48
12/6/2017 6:40,22.1,22.3,21.6,60,12.7,0,21.1,20.6,74.6,20.9,20.9,21.3412,60
12/6/2017 6:50,22.1,22.3,21.6,54,12.9,0,21.1,20.6,103.8,20.9,21,21.3612,54
12/6/2017 7:00,22.1,22.2,21.6,54,13.1,0,21,20.7,71.3,20.9,20.9,21.3338,54
12/6/2017 7:10,22.1,22.3,21.5,60,13.1,0,21,20.6,68.1,20.9,20.9,21.3212,60
12/6/2017 7:20,22,22.2,21.5,54,13.1,0,21,20.6,71.3,20.9,21,21.3096,54
12/6/2017 7:30,22,22.2,21.5,54,13.1,0,21,20.6,81.1,20.9,20.9,21.2896,54
12/6/2017 7:40,22,22.2,21.5,54,13.3,0,21,20.7,87.6,20.9,20.9,21.3159,54
12/6/2017 7:50,22,22.2,21.4,114,13.4,0,21,20.6,142.7,20.8,20.9,21.277,114
12/6/2017 8:00,22,22.2,21.4,102,13.8,0,21,20.6,483.1,20.8,20.9,21.277,102
12/6/2017 8:10,22.1,22.2,21.5,108,13.8,0,21,20.6,483.1,20.8,21,21.3149,108
12/6/2017 8:20,22.1,22.2,21.5,108,14.2,0,21,20.7,554.5,20.8,21,21.3412,108
12/6/2017 8:30,22.1,22.2,21.4,96,15.1,0,21,20.7,308,20.8,21,21.3307,96
12/6/2017 8:40,22.1,22.2,21.4,102,15.1,0,21,20.7,285.4,20.8,21,21.3307,102
12/6/2017 8:50,22.1,22.2,21.4,90,15.2,0,21.1,20.7,703.6,20.8,21,21.3402,90
12/6/2017 9:00,22.2,22.2,21.4,96,15.2,0,21.1,20.8,304.8,20.8,21,21.3739,96
12/6/2017 9:10,22.1,22.2,21.4,96,15.2,0,21.1,20.8,149.2,20.8,21,21.3665,96
12/6/2017 9:20,22.2,22.2,21.4,96,15.2,0,21.1,20.8,262.7,20.7,21,21.3718,96
12/6/2017 9:30,22,22.2,21.4,96,15.2,0,21.1,20.8,259.4,20.7,21,21.357,96
12/6/2017 9:40,22,22.1,21.4,96,15.4,0,21.1,20.7,314.5,20.7,21,21.3065,96
12/6/2017 9:50,22.1,22.2,21.4,66,15.5,0,21.1,20.7,379.4,20.7,21,21.3381,66
12/6/2017 10:00,22,22.2,21.3,54,15.5,0,21.2,20.8,350.2,20.7,21.1,21.376,54
12/6/2017 10:10,22.1,22.2,21.4,42,15.8,0,21.2,20.9,376.1,20.7,21.1,21.4202,42
12/6/2017 10:20,22,22.2,21.3,54,16.1,0,21.1,20.8,217.3,20.7,21,21.3465,54
12/6/2017 10:30,21.9,22.1,21.3,48,16.1,0,21.1,20.8,389.1,20.7,21,21.3149,48
12/6/2017 10:40,22,22.2,21.3,54,15.7,0,21.2,20.8,509.1,20.7,21,21.356,54
12/6/2017 10:50,22,22.1,21.3,42,16.7,0,21.1,20.8,359.9,20.7,21,21.3223,42
12/6/2017 11:00,22,22.2,21.3,54,16.3,0,21.2,20.8,518.8,20.6,21,21.3539,54
12/6/2017 11:10,22,22.2,21.3,48,16.3,0,21.1,20.9,382.6,20.6,21,21.3707,48
12/6/2017 11:20,21.9,22.1,21.2,48,16.4,0,21.1,20.8,392.4,20.6,21,21.3023,48
12/6/2017 11:30,21.9,22.1,21.2,48,16.6,0,21.1,20.8,703.6,20.6,21,21.3023,48
12/6/2017 11:40,22,22.1,21.2,54,16.6,0,21.2,20.8,998.7,20.6,21,21.3192,54
12/6/2017 11:50,22,22.2,21.2,48,16.5,0,21.2,20.9,946.8,20.6,21.1,21.3897,48
12/6/2017 12:00,22,22.2,21.3,108,17.1,0,21.2,20.9,972.8,20.6,21.1,21.4002,108
12/6/2017 12:10,22,22.2,21.3,114,17.1,0,21.2,20.9,483.1,20.6,21.1,21.4002,114
12/6/2017 12:20,22,22.2,21.3,102,17.8,0,21.3,21,402.1,20.6,21.2,21.456,102
12/6/2017 12:30,22,22.2,21.3,108,17.3,0,21.3,21,408.6,20.6,21.2,21.456,108
12/6/2017 12:40,22,22.2,21.3,102,17.3,0,21.2,21,573.9,20.6,21.2,21.4465,102
12/6/2017 12:50,22.1,,21.3,102,17.5,0,21.3,21,820.4,20.6,21.1,,102
12/6/2017 13:00,22,22.2,21.3,102,17.9,0,21.3,21,684.2,20.6,21.1,21.436,102
12/6/2017 13:10,22,22.2,21.3,96,17.9,0,21.3,20.9,330.7,20.6,21.2,21.4297,96
12/6/2017 13:20,22.1,22.2,21.3,90,17.6,0,21.3,21,830.1,20.6,21.2,21.4634,90
12/6/2017 13:30,22,22.2,21.3,96,18.4,0,21.3,21,687.4,20.6,21.2,21.456,96
12/6/2017 13:40,22,22.2,21.3,96,18.4,0,21.3,21,541.5,20.6,21.2,21.456,96
12/6/2017 13:50,22.2,22.2,21.3,90,18.2,0,21.4,21,470.2,20.6,21.2,21.4803,90
12/6/2017 14:00,22.2,22.2,21.3,84,18.2,0,21.4,21,405.3,20.6,21.2,21.4803,84
12/6/2017 14:10,22.2,22.3,21.3,54,18.2,0,21.4,21.1,791.2,20.6,21.3,21.5508,54
12/6/2017 14:20,22.2,22.2,21.3,48,18.3,0,21.4,21,1190,20.6,21.3,21.5003,48
12/6/2017 14:30,22.3,22.2,21.3,48,18.3,0,21.4,21.1,800.9,20.6,21.3,21.534,48
12/6/2017 14:40,22.3,22.2,21.3,48,18.6,0,21.4,21,233.5,20.6,21.3,21.5077,48
12/6/2017 14:50,22.3,22.2,21.3,54,18.6,0,21.4,21.1,327.5,20.6,21.3,21.534,54
12/6/2017 15:00,22.4,22.2,21.3,48,18.6,0,21.4,21.1,502.6,20.6,21.3,21.5414,48
12/6/2017 15:10,22.3,22.2,21.3,48,18.6,0,21.4,21.1,486.4,20.6,21.3,21.534,48
12/6/2017 15:20,22.2,22.2,21.3,54,18.2,0,21.4,21.1,976,20.6,21.3,21.5266,54
12/6/2017 15:30,22.2,22.2,21.3,48,18.7,0,21.4,21,441,20.6,21.2,21.4803,48
12/6/2017 15:40,22.3,22.2,21.3,48,18.7,0,21.4,21,395.6,20.6,21.3,21.5077,48
12/6/2017 15:50,22.3,22.2,21.3,48,18.6,0,21.4,21,359.9,20.6,21.3,21.5077,48
12/6/2017 16:00,22.4,22.3,21.3,54,18.6,0,21.4,21,460.4,20.6,21.3,21.5393,54
12/6/2017 16:10,22.3,22.2,21.4,96,18.4,0,21.5,21.1,359.9,20.6,21.3,21.554,96
12/6/2017 16:20,22.4,22.3,21.3,102,18.6,0,21.4,21,259.4,20.6,21.3,21.5393,102
12/6/2017 16:30,22.3,22.3,21.3,108,18.4,0,21.4,21,246.4,20.6,21.4,21.5519,108
12/6/2017 16:40,22.4,22.3,21.3,132,18.4,0,21.5,21,321,20.7,21.5,21.5909,132
12/6/2017 16:50,22.4,22.3,21.3,150,18.7,0,21.5,21,288.6,20.6,21.5,21.5888,150
12/6/2017 17:00,22.3,22.3,21.4,234,18.7,8181.12,21.6,21,282.1,20.6,21.4,21.5814,8415.12
12/6/2017 17:10,22.3,22.3,21.4,282,18.4,13635.2,21.6,21,392.4,20.6,21.3,21.5614,13917.2
12/6/2017 17:20,22.2,22.3,21.4,276,18.6,5454.08,21.5,21,236.7,20.7,21.3,21.5466,5730.08
12/6/2017 17:30,22.2,22.3,21.3,270,18.6,2727.04,21.6,21,194.6,20.7,21.3,21.5456,2997.04
12/6/2017 17:40,22.2,22.3,21.3,312,18.2,2727.04,21.6,21.1,149.2,20.8,21.3,21.574,3039.04
12/6/2017 17:50,22.3,22.3,21.3,294,17.8,8181.12,21.6,21.1,149.2,20.8,21.3,21.5814,8475.12
12/6/2017 18:00,22.3,22.3,21.4,300,17.8,10908.16,21.6,21.1,126.5,20.9,21.3,21.594,11208.16
12/6/2017 18:10,22.4,22.2,21.4,294,17.8,4772.32,21.6,21.2,139.4,20.9,21.3,21.6035,5066.32
12/6/2017 18:20,22.5,22.3,21.4,288,17.7,681.76,21.6,21.2,107,20.9,21.3,21.6351,969.76
12/6/2017 18:30,22.5,22.3,21.4,282,17.7,0,21.6,21.3,87.6,21,21.3,21.6635,282
12/6/2017 18:40,22.6,22.3,21.4,288,17.6,2727.04,21.5,21.4,64.9,21,21.3,21.6877,3015.04
12/6/2017 18:50,22.7,22.3,21.5,816,17.3,0,21.6,21.4,51.9,21.1,21.3,21.7172,816
12/6/2017 19:00,22.6,22.3,21.5,738,17.3,2727.04,21.9,21.5,42.2,21.1,21.3,21.7646,3465.04
12/6/2017 19:10,22.6,22.4,21.5,2274,17.1,0,22.2,21.6,45.4,21.2,21.4,21.8657,2274
12/6/2017 19:20,22.6,22.4,21.5,2430,16.9,0,22.2,21.6,45.4,21.2,21.5,21.8857,2430
12/6/2017 19:30,22.5,22.4,21.5,2994,16.9,0,22.2,21.7,35.7,21.3,21.5,21.9067,2994
12/6/2017 19:40,22.5,22.4,21.5,786,16.8,0,22.6,21.7,38.9,21.4,21.5,21.9468,786
12/6/2017 19:50,22.5,22.4,21.6,270,16.6,0,23,21.9,42.2,21.4,21.6,22.0679,270
12/6/2017 20:00,22.5,22.4,21.6,270,16.6,2045.28,23.2,21.9,42.2,21.5,21.7,22.109,2315.28
12/6/2017 20:10,22.5,22.4,21.6,270,16.4,0,23.2,22,25.9,21.5,21.7,22.1353,270
12/6/2017 20:20,22.5,22.4,21.6,294,16.2,0,23.2,22,29.2,21.5,21.8,22.1553,294
12/6/2017 20:30,22.5,22.4,21.6,252,16.2,0,23,22.2,22.7,21.5,21.7,22.1689,252
12/6/2017 20:40,22.5,22.4,21.6,258,16,0,22.9,22.3,13,21.5,21.7,22.1857,258
12/6/2017 20:50,22.4,22.4,21.6,258,15.7,0,22.9,22.3,13,21.5,21.7,22.1783,258
12/6/2017 21:00,22.5,22.4,21.6,246,15.7,681.76,22.8,22.3,9.7,21.5,21.7,22.1762,927.76
12/6/2017 21:10,22.4,22.4,21.6,234,15.4,0,22.8,22.3,0,21.6,21.7,22.1709,234
12/6/2017 21:20,22.4,22.4,21.6,228,15.1,0,22.8,22.3,0,21.6,21.7,22.1709,228
12/6/2017 21:30,22.4,22.4,21.6,210,15.1,0,22.8,22.2,0,21.6,21.7,22.1446,210
12/6/2017 21:40,22.4,22.4,21.6,216,14.9,0,22.7,22.2,0,21.6,21.7,22.1351,216
12/6/2017 21:50,22.4,22.5,21.6,210,14.9,0,22.7,22.2,0,21.6,21.7,22.1593,210
12/6/2017 22:00,22.3,22.5,21.6,216,14.8,0,22.6,22.1,0,21.6,21.7,22.1161,216
12/6/2017 22:10,22.4,22.5,21.6,222,14.7,0,22.6,22.1,0,21.6,21.7,22.1235,222
12/6/2017 22:20,22.3,22.5,21.6,228,14.7,2727.04,22.5,22.1,0,21.6,21.7,22.1066,2955.04
12/6/2017 22:30,22.3,22.6,21.6,204,14.5,0,22.5,22.1,0,21.6,21.7,22.1308,204
12/6/2017 22:40,22.3,22.6,21.6,108,14.3,0,22.5,22.1,0,21.6,21.7,22.1308,108
12/6/2017 22:50,22.3,22.6,21.6,90,14.1,0,22.4,22.2,0,21.5,21.7,22.1455,90
12/6/2017 23:00,22.3,22.7,21.6,84,14.1,0,22.4,22.2,0,21.5,21.7,22.1697,84
12/6/2017 23:10,22.3,22.6,21.6,90,13.8,0,22.4,22.2,0,21.5,21.7,22.1455,90
12/6/2017 23:20,22.2,22.6,21.6,90,13.6,0,22.3,22.2,0,21.5,21.7,22.1286,90
12/6/2017 23:30,22.3,22.6,21.6,84,13.6,0,22.3,22.2,0,21.4,21.7,22.1339,84
12/6/2017 23:40,22.3,22.6,21.6,54,13.2,0,22.3,22.1,0,21.4,21.7,22.1076,54
12/6/2017 23:50,22.4,22.7,21.6,48,13.1,0,22.2,22,0,21.4,21.7,22.1034,48
13/06/2017 00:00,22.4,22.7,21.6,54,13.1,0,22.2,22,0,21.4,21.7,22.1034,54
13/06/2017 00:10,22.4,22.7,21.6,54,12.9,0,22.1,21.8,0,21.4,21.6,22.0213,54
13/06/2017 00:20,22.4,22.7,21.6,54,12.8,0,22.1,21.8,0,21.4,21.6,22.0213,54
13/06/2017 00:30,22.4,22.7,21.6,96,12.8,0,22,21.7,0,21.4,21.6,21.9855,96
13/06/2017 00:40,22.4,22.7,21.6,102,12.7,0,22,21.6,0,21.4,21.5,21.9392,102
13/06/2017 00:50,22.4,22.7,21.6,102,12.5,0,22,21.6,0,21.3,21.5,21.9371,102
13/06/2017 01:00,22.4,22.7,21.6,96,12.5,0,21.9,21.5,0,21.3,21.5,21.9013,96
13/06/2017 01:10,22.5,22.7,21.6,90,12.3,0,21.9,21.5,0,21.3,21.5,21.9087,90
13/06/2017 01:20,22.4,22.7,21.6,90,12.1,0,21.8,21.4,0,21.3,21.5,21.8655,90
13/06/2017 01:30,22.5,22.7,21.6,84,12.1,0,21.8,21.4,0,21.3,21.4,21.8529,84
13/06/2017 01:40,22.4,22.7,21.6,90,,0,21.8,21.3,0,21.3,21.4,21.8192,90
13/06/2017 01:50,22.4,22.7,21.6,84,11.6,0,21.8,21.3,0,21.2,21.4,21.8171,84
13/06/2017 02:00,22.4,22.7,21.6,90,11.6,0,21.7,21.2,0,21.2,21.4,21.7813,90
13/06/2017 02:10,22.4,22.7,21.6,84,11.5,0,21.7,21.2,0,21.2,21.4,21.7813,84
13/06/2017 02:20,22.4,22.7,21.6,90,11.3,0,21.7,21.1,0,21.2,21.4,21.755,90
13/06/2017 02:30,22.4,22.7,21.6,84,,0,21.7,21.1,0,21.1,21.3,21.7329,84
13/06/2017 02:40,22.4,22.6,21.6,84,11.2,0,21.6,21.1,0,21.1,21.3,21.6992,84
13/06/2017 02:50,22.3,22.6,21.6,90,11.2,0,21.6,21.1,0,21.1,21.3,21.6918,90
13/06/2017 03:00,22.4,22.7,21.6,84,11.2,0,21.6,21,0,21.1,21.3,21.6971,84
13/06/2017 03:10,22.4,22.7,21.5,84,11.3,0,21.5,21,0,21.1,21.3,21.6771,84
13/06/2017 03:20,22.3,22.7,21.5,90,11.3,0,21.5,21,0,21,21.2,21.6476,90
13/06/2017 03:30,22.3,22.7,21.5,84,11.2,0,21.5,20.9,0,21,21.2,21.6213,84
13/06/2017 03:40,22.3,22.7,21.5,84,11.1,0,21.5,20.9,0,21,21.2,21.6213,84
13/06/2017 03:50,22.3,22.7,21.5,84,11,0,21.5,20.9,0,21,21.2,21.6213,84
13/06/2017 04:00,22.3,22.6,21.5,66,11,0,21.4,20.8,0,20.9,21.2,21.5592,66
13/06/2017 04:10,22.3,22.6,21.5,36,10.9,0,21.4,20.8,0,20.9,21.1,21.5392,36
13/06/2017 04:20,22.3,22.6,21.4,42,10.7,0,21.4,20.8,0,20.9,21.1,21.5287,42
13/06/2017 04:30,22.3,22.6,21.5,42,10.7,0,21.3,20.8,0,20.9,21.1,21.5297,42
13/06/2017 04:40,22.2,22.6,21.4,42,10.6,0,21.3,20.7,0,20.9,21,21.4655,42
13/06/2017 04:50,22.2,22.6,21.4,48,10.4,0,21.3,20.7,0,20.8,21,21.4634,48
13/06/2017 05:00,22.2,22.5,21.4,42,10.4,0,21.2,20.6,9.7,20.8,21,21.4034,42
13/06/2017 05:10,22.2,22.6,21.4,42,10.3,0,21.2,20.6,13,20.8,21,21.4276,42
13/06/2017 05:20,22.2,22.5,21.4,36,10.3,0,21.2,20.6,16.2,20.7,21,21.4013,36
13/06/2017 05:30,22.1,22.5,21.4,42,10.3,0,21.2,20.6,19.5,20.7,21,21.3939,42
13/06/2017 05:40,22.2,22.5,21.3,42,10.4,0,21.2,20.5,45.4,20.7,21,21.3645,42
13/06/2017 05:50,22.2,22.5,21.3,48,10.6,0,21.1,20.5,58.4,20.7,20.9,21.335,48
13/06/2017 06:00,22.2,22.5,21.3,42,10.6,0,21.1,20.5,162.1,20.7,20.9,21.335,42
13/06/2017 06:10,22.2,22.5,21.3,36,11.1,0,21.1,20.5,162.1,20.6,20.9,21.3329,36
13/06/2017 06:20,22.1,22.5,21.3,36,11.3,0,21.1,20.5,178.3,20.6,20.9,21.3255,36
13/06/2017 06:30,22.1,22.5,21.3,120,11.3,2727.04,21,20.5,188.1,20.6,20.9,21.316,2847.04
13/06/2017 06:40,22.2,22.5,21.3,180,11.6,2045.28,21,20.5,223.7,20.6,20.9,21.3234,2225.28
13/06/2017 06:50,22.2,22.5,21.2,174,12,0,21.1,20.5,243.2,20.7,20.9,21.3245,174
13/06/2017 07:00,22.2,22.5,21.2,174,12,0,21.1,20.4,278.9,20.7,20.9,21.2982,174
13/06/2017 07:10,22.2,22.5,21.2,168,12.5,0,21.1,20.4,304.8,20.8,20.9,21.3003,168
13/06/2017 07:20,22.2,22.5,21.2,174,12.5,681.76,21,20.5,366.4,20.8,21,21.3371,855.76
13/06/2017 07:30,22.4,22.5,21.2,168,13.1,0,21,20.5,463.7,20.8,20.9,21.3319,168
13/06/2017 07:40,22.4,22.5,21.2,168,13.8,0,21,20.5,359.9,20.8,20.9,21.3319,168
13/06/2017 07:50,22.5,22.5,21.2,174,13.8,0,21.1,20.5,395.6,20.9,21,21.3709,174
13/06/2017 08:00,22.7,22.5,21.2,168,14.3,0,21.1,20.5,424.8,20.9,20.9,21.3657,168
13/06/2017 08:10,22.8,22.5,21.2,168,14.5,0,21.1,20.6,330.7,20.9,21,21.4194,168
13/06/2017 08:20,22.9,22.5,21.2,174,15.4,0,21,20.7,298.3,21,21,21.4457,174
13/06/2017 08:30,23,22.5,21.2,1170,15.4,2045.28,21.2,21,330.7,21,21.1,21.571,3215.28
13/06/2017 08:40,22.8,22.5,21.2,108,,0,21.2,21.2,295.1,21,21.2,21.6288,108
13/06/2017 08:50,22.7,22.5,21.2,42,,0,21.2,21.2,236.7,21,21.2,21.6214,42
13/06/2017 09:00,22.6,22.5,21.2,42,15.5,0,21.2,21.2,223.7,21,21.2,21.614,42
13/06/2017 09:10,22.6,22.5,21.2,36,15.5,0,21.3,21.2,236.7,20.9,21.2,21.6214,36
13/06/2017 09:20,22.5,22.5,21.2,42,15.6,0,21.2,21.2,282.1,20.9,21.2,21.6045,42
13/06/2017 09:30,22.5,22.5,21.2,36,15.6,0,21.2,21.2,382.6,20.9,21.2,21.6045,36
13/06/2017 09:40,22.5,22.5,21.2,42,16.3,0,21.3,21.1,372.9,20.9,21.2,21.5877,42
13/06/2017 09:50,22.5,22.5,21.2,42,16,0,21.3,21.1,262.7,20.8,21.3,21.6056,42
13/06/2017 10:00,22.5,22.5,21.2,36,16,0,21.3,21.1,791.2,20.8,21.3,21.6056,36
13/06/2017 10:10,22.5,22.5,21.2,42,16.3,0,21.3,21.1,859.3,20.8,21.3,21.6056,42
13/06/2017 10:20,22.5,22.5,21.2,48,16.3,0,21.3,21.1,479.9,20.8,21.3,21.6056,48
13/06/2017 10:30,22.5,22.5,21.2,138,16.5,0,21.3,21.2,807.4,20.8,21.3,21.6319,138
13/06/2017 10:40,22.5,22.4,21.3,132,16.7,0,21.3,21.3,564.2,20.8,21.4,21.6645,132
13/06/2017 10:50,22.5,22.4,21.3,174,17.6,0,21.3,21.4,894.9,20.8,21.3,21.6708,174
13/06/2017 11:00,22.5,22.4,21.3,186,17.6,0,21.3,21.5,859.3,20.7,21.3,21.695,186
13/06/2017 11:10,22.5,22.4,21.3,180,18.2,0,21.4,21.6,888.5,20.8,21.4,21.7529,180
13/06/2017 11:20,22.4,22.4,21.3,186,18.6,0,21.4,21.7,466.9,20.8,21.4,21.7718,186
13/06/2017 11:30,22.4,22.4,21.3,180,18.6,0,21.4,21.7,869,20.8,21.4,21.7718,180
13/06/2017 11:40,22.5,22.4,21.3,180,19.6,0,21.5,21.7,395.6,20.8,21.5,21.8087,180
13/06/2017 11:50,22.4,22.4,21.4,186,19.6,0,21.5,21.7,405.3,20.8,21.5,21.8118,186
13/06/2017 12:00,22.4,22.4,21.4,204,19.5,3408.8,21.5,21.8,1115.4,20.8,21.5,21.8381,3612.8
13/06/2017 12:10,22.5,22.4,21.4,1410,20.3,2045.28,21.6,21.8,544.8,20.8,21.5,21.855,3455.28
13/06/2017 12:20,22.5,22.4,21.4,462,20,0,21.9,21.9,385.9,20.9,21.6,21.9319,462
13/06/2017 12:30,22.4,22.4,21.4,258,20,0,22,21.9,408.6,21,21.6,21.9361,258
13/06/2017 12:40,22.5,22.4,21.4,258,19.5,0,21.9,21.9,1040.9,21,21.6,21.934,258
13/06/2017 12:50,22.5,22.5,21.4,258,20.2,0,22,21.9,953.3,21.1,21.7,21.9898,258
13/06/2017 13:00,22.5,22.5,21.4,246,20.2,0,22,21.8,573.9,21.1,21.7,21.9635,246
13/06/2017 13:10,22.6,22.5,21.5,198,21.3,0,22,21.9,891.7,21.1,21.7,22.0077,198
13/06/2017 13:20,22.7,22.6,21.5,174,21.3,0,22,21.9,901.4,21.1,21.7,22.0393,174
13/06/2017 13:30,22.7,22.6,21.5,174,20.3,0,22,22,804.1,21.1,21.8,22.0856,174
13/06/2017 13:40,22.7,22.7,21.5,174,20,0,22,21.9,894.9,21.1,21.8,22.0835,174
13/06/2017 13:50,22.7,22.7,21.5,168,20.5,0,22,22,872.2,21.1,21.8,22.1098,168
13/06/2017 14:00,22.8,22.7,21.6,174,20.5,0,22,22,379.4,21.2,21.8,22.1298,174
13/06/2017 14:10,22.9,22.7,21.6,168,19.7,0,22,22,382.6,21.2,21.8,22.1372,168
13/06/2017 14:20,23,22.7,21.6,186,20,0,22,22,706.9,21.2,21.8,22.1446,186
13/06/2017 14:30,23,22.8,21.6,222,20,0,22,22,755.5,21.1,21.8,22.1667,222
13/06/2017 14:40,23.1,22.8,21.7,246,20.4,0,22.1,22,389.1,21.2,21.9,22.2162,246
13/06/2017 14:50,23.2,22.9,21.7,198,20.5,0,22,22,729.6,21.1,21.9,22.2362,198
13/06/2017 15:00,23.1,22.8,21.7,156,20.5,0,22,21.9,392.4,21.2,21.9,22.1804,156
13/06/2017 15:10,23.2,22.8,21.7,150,20.4,0,22,22,405.3,21.1,21.9,22.212,150
13/06/2017 15:20,23.1,22.8,21.8,150,20.4,0,22,22,363.2,21.1,21.8,22.1951,150
13/06/2017 15:30,23.2,22.8,21.8,150,20.8,0,22,22,441,21.1,21.9,22.2225,150
13/06/2017 15:40,23.2,22.8,21.7,144,20.6,0,22,22,865.8,21.1,21.9,22.212,144
13/06/2017 15:50,23.3,22.8,21.8,156,20.6,0,22,22,489.6,21.1,21.9,22.2299,156
13/06/2017 16:00,23.4,22.8,21.8,150,21.6,0,22,22,450.7,21.1,21.9,22.2373,150
13/06/2017 16:10,23.4,22.8,21.8,144,21.3,0,22,22,317.8,21.1,21.9,22.2373,144
13/06/2017 16:20,23.5,22.8,21.8,156,21.3,0,22,22,265.9,21.1,21.9,22.2447,156
13/06/2017 16:30,23.7,22.8,21.8,108,21.8,3408.8,22,22,298.3,21.2,22,22.2816,3516.8
13/06/2017 16:40,23.6,22.8,21.8,174,21.8,0,22,22,311.3,21.2,22,22.2742,174
13/06/2017 16:50,23.5,22.8,21.8,204,20.9,0,22,21.9,275.6,21.3,21.9,22.2226,204
13/06/2017 17:00,23.5,22.7,21.8,222,,4772.32,22.1,21.9,285.4,21.3,22,22.2279,4994.32
13/06/2017 17:10,23.5,22.7,21.9,228,20.9,8862.88,22.4,21.8,301.6,21.3,22,22.2406,9090.88
13/06/2017 17:20,23.4,22.7,21.8,222,20.9,8181.12,22.4,21.8,321,21.4,22,22.2248,8403.12
13/06/2017 17:30,23.5,22.7,21.8,228,21.2,8181.12,22.5,21.7,252.9,21.4,22,22.2154,8409.12
13/06/2017 17:40,23.5,22.7,21.9,216,21.2,5454.08,22.4,21.7,214,21.4,22,22.2164,5670.08
13/06/2017 17:50,23.6,22.8,21.9,216,21.6,2727.04,22.4,21.7,265.9,21.4,22,22.248,2943.04
13/06/2017 18:00,23.5,22.8,22,216,21.4,0,22.4,21.8,243.2,21.4,22,22.2774,216
13/06/2017 18:10,23.6,22.9,22,216,21.4,0,22.4,21.9,311.3,21.5,22,22.3374,216
13/06/2017 18:20,23.6,22.9,22,240,21.4,0,22.5,21.9,505.8,21.5,22,22.3469,240
13/06/2017 18:30,23.8,23.1,22.1,198,22.6,0,22.4,21.9,152.4,21.5,22.1,22.4311,198
13/06/2017 18:40,23.7,23.1,22.1,120,23.3,0,22.5,22,136.2,21.5,22.1,22.4595,120
13/06/2017 18:50,23.8,23.1,22.1,120,23.3,0,22.5,22,123.2,21.5,22.2,22.4869,120
13/06/2017 19:00,23.8,23.1,22.2,126,23.1,0,22.6,22,107,21.6,22.1,22.489,126
13/06/2017 19:10,23.8,23.1,22.2,120,22.4,0,22.6,22,84.3,21.6,22.2,22.509,120
13/06/2017 19:20,23.9,23.2,22.2,114,22.4,0,22.6,22,38.9,21.6,22.2,22.5406,114
13/06/2017 19:30,23.9,23.3,22.2,126,21.9,0,22.7,22,45.4,21.6,22.2,22.5743,126
13/06/2017 19:40,23.9,23.3,22.2,120,21.9,0,22.7,21.9,42.2,21.6,22.2,22.548,120
13/06/2017 19:50,23.9,23.3,22.3,120,21.5,0,22.6,21.9,32.4,21.6,22.2,22.549,120
13/06/2017 20:00,23.9,23.4,22.3,114,21.2,0,22.6,21.9,25.9,21.6,22.2,22.5732,114
13/06/2017 20:10,23.9,23.3,22.3,132,20.8,0,22.6,21.8,19.5,21.6,22.2,22.5227,132
13/06/2017 20:20,23.9,23.3,22.3,120,20.3,0,22.5,21.8,16.2,21.6,22.2,22.5132,120
13/06/2017 20:30,23.8,23.3,22.3,132,20.3,0,22.5,21.8,13,21.6,22.1,22.4858,132
13/06/2017 20:40,23.8,23.2,22.3,132,19.6,0,22.5,21.8,13,21.6,22.1,22.4616,132
13/06/2017 20:50,23.8,23.2,22.3,120,19.6,0,22.5,21.8,9.7,21.6,22.1,22.4616,120
13/06/2017 21:00,23.8,23.2,22.3,90,19.4,0,22.4,21.7,3.3,21.6,22.1,22.4258,90
13/06/2017 21:10,23.7,23.2,22.3,102,19.1,0,22.4,21.7,3.3,21.6,22,22.3984,102
13/06/2017 21:20,23.7,23.2,22.3,96,19.1,0,22.4,21.7,0,21.6,22,22.3984,96
13/06/2017 21:30,23.7,23.2,22.3,84,18.8,0,22.3,21.7,0,21.6,22,22.3889,84
13/06/2017 21:40,23.7,23.2,22.4,78,18.3,0,22.3,21.6,0,21.6,22,22.3731,78
13/06/2017 21:50,23.7,23.1,22.4,72,18.3,0,22.2,21.6,0,21.6,22,22.3394,72
13/06/2017 22:00,23.7,23.1,22.4,78,17.8,0,22.2,21.6,0,21.6,21.9,22.3194,78
13/06/2017 22:10,23.7,23.1,22.4,78,17.4,0,22.2,21.5,0,21.6,21.9,22.2931,78
13/06/2017 22:20,23.7,23.1,22.4,72,17.4,0,22.1,21.5,0,21.6,21.9,22.2836,72
13/06/2017 22:30,23.7,23.1,22.4,78,17.1,0,22.1,21.5,0,21.6,21.9,22.2836,78
13/06/2017 22:40,23.7,23.1,22.4,78,16.7,0,22.1,21.5,0,21.6,21.9,22.2836,78
13/06/2017 22:50,23.6,23,22.4,72,16.7,0,22,21.5,0,21.6,21.8,22.2225,72
13/06/2017 23:00,23.6,23,22.4,78,16.8,0,22,21.4,0,21.6,21.8,22.1962,78
13/06/2017 23:10,23.6,23,22.4,90,16.8,0,22,21.4,0,21.6,21.8,22.1962,90
13/06/2017 23:20,23.6,23,22.4,126,16.8,0,22,21.4,0,21.6,21.8,22.1962,126
13/06/2017 23:30,23.6,23,22.4,132,16.1,0,22,21.4,0,21.6,21.8,22.1962,132
13/06/2017 23:40,23.6,23,22.4,120,15.8,0,21.9,21.4,0,21.6,21.8,22.1867,120
13/06/2017 23:50,23.6,23,22.4,126,15.8,0,21.9,21.4,0,21.6,21.8,22.1867,126
14/06/2017 00:00,23.6,23,22.4,126,15.3,0,21.9,21.4,0,21.6,21.8,22.1867,126
14/06/2017 00:10,23.5,23,22.4,120,15,0,21.9,21.4,0,21.6,21.8,22.1793,120
14/06/2017 00:20,23.6,23,22.4,120,15,0,21.9,21.3,0,21.6,21.8,22.1604,120
14/06/2017 00:30,23.5,23,22.4,120,14.8,0,21.9,21.3,0,21.6,21.8,22.153,120
14/06/2017 00:40,23.5,23,22.4,120,14.6,0,21.8,21.3,0,21.6,21.7,22.1235,120
14/06/2017 00:50,23.5,23,22.4,126,14.6,0,21.8,21.3,0,21.6,21.7,22.1235,126
14/06/2017 01:00,23.5,22.9,22.4,120,14.4,0,21.8,21.3,0,21.6,21.7,22.0993,120
14/06/2017 01:10,23.5,23,22.4,120,14.2,0,21.8,21.3,0,21.6,21.7,22.1235,120
14/06/2017 01:20,23.5,22.9,22.4,120,14.2,0,21.8,21.3,0,21.5,21.7,22.0972,120
14/06/2017 01:30,23.5,22.9,22.4,120,13.9,0,21.8,21.2,0,21.5,21.7,22.0709,120
14/06/2017 01:40,23.5,22.9,22.4,120,13.7,0,21.8,21.2,0,21.5,21.7,22.0709,120
14/06/2017 01:50,23.4,22.9,22.4,120,13.7,0,21.7,21.2,0,21.5,21.6,22.034,120
14/06/2017 02:00,23.4,22.9,22.4,120,13.6,0,21.7,21.2,0,21.5,21.6,22.034,120
14/06/2017 02:10,23.4,22.9,22.4,120,13.4,0,21.7,21.2,0,21.5,21.6,22.034,120
14/06/2017 02:20,23.4,22.9,22.4,78,13.4,0,21.7,21.2,0,21.5,21.6,22.034,78
14/06/2017 02:30,23.4,22.9,22.4,78,13.2,0,21.7,21.2,0,21.5,21.6,22.034,78
14/06/2017 02:40,23.4,22.9,22.4,78,13.2,0,21.7,21.1,0,21.5,21.6,22.0077,78
14/06/2017 02:50,23.4,22.9,22.4,66,,0,21.6,21.1,0,21.5,21.6,21.9982,66
14/06/2017 03:00,23.4,22.9,22.3,54,13,0,21.6,21.1,0,21.5,21.5,21.9677,54
14/06/2017 03:10,23.3,22.8,22.3,60,12.9,0,21.6,21.1,0,21.5,21.5,21.9361,60
14/06/2017 03:20,23.3,22.8,22.3,60,12.9,0,21.6,21.1,0,21.5,21.5,21.9361,60
14/06/2017 03:30,23.3,22.8,22.3,54,12.9,0,21.5,21,0,21.5,21.5,21.9003,54
14/06/2017 03:40,23.3,22.8,22.3,60,12.8,0,21.5,21,0,21.4,21.5,21.8982,60
14/06/2017 03:50,23.3,22.8,22.3,60,12.8,0,21.5,21,0,21.4,21.5,21.8982,60
14/06/2017 04:00,23.3,22.8,22.3,60,12.6,0,21.5,21,0,21.4,21.4,21.8782,60
14/06/2017 04:10,23.3,22.8,22.3,54,12.3,0,21.5,21,0,21.4,21.4,21.8782,54
14/06/2017 04:20,23.2,22.7,22.3,60,12.3,0,21.4,21,0,21.4,21.4,21.8371,60
14/06/2017 04:30,23.2,22.8,22.2,60,12.1,0,21.4,20.9,0,21.4,21.4,21.8245,60
14/06/2017 04:40,23.2,22.7,22.2,60,12,0,21.4,20.9,0,21.4,21.4,21.8003,60
14/06/2017 04:50,23.2,22.7,22.2,72,12,0,21.4,20.9,3.3,21.3,21.4,21.7982,72
14/06/2017 05:00,23.2,22.7,22.2,114,11.9,0,21.4,20.9,6.5,21.3,21.4,21.7982,114
14/06/2017 05:10,23.2,22.7,22.2,114,11.8,0,21.3,20.9,13,21.3,21.3,21.7687,114
14/06/2017 05:20,23.2,22.7,22.2,108,11.8,0,21.3,20.8,16.2,21.3,21.3,21.7424,108
14/06/2017 05:30,23.1,22.7,22.2,108,11.8,0,21.3,20.8,22.7,21.3,21.3,21.735,108
14/06/2017 05:40,23.1,22.7,22.2,102,11.9,0,21.3,20.8,29.2,21.3,21.3,21.735,102
14/06/2017 05:50,23.1,22.7,22.2,120,11.9,0,21.3,20.8,35.7,21.3,21.3,21.735,120
14/06/2017 06:00,23.1,22.6,22.1,120,11.9,0,21.3,20.8,100.5,21.3,21.3,21.7003,120
14/06/2017 06:10,23.1,22.6,22.2,120,12.2,0,21.3,20.8,116.7,21.3,21.3,21.7108,120
14/06/2017 06:20,23.1,22.6,22.1,120,12.2,0,21.3,20.8,145.9,21.2,21.3,21.6982,120
14/06/2017 06:30,23,22.6,22.1,120,12.5,0,21.3,20.8,178.3,21.2,21.3,21.6908,120
14/06/2017 06:40,23,22.6,22.1,120,12.5,0,21.3,20.8,94,21.2,21.3,21.6908,120
14/06/2017 06:50,23,22.6,22.1,120,12.8,0,21.3,20.8,197.8,21.2,21.3,21.6908,120
14/06/2017 07:00,23,22.6,22.1,120,13.2,0,21.3,20.8,246.4,21.2,21.3,21.6908,120
14/06/2017 07:10,23.1,22.7,22.1,114,13.6,0,21.3,20.8,272.4,21.2,21.3,21.7224,114
14/06/2017 07:20,23.4,22.6,22.1,774,13.6,0,21.3,20.9,301.6,21.2,21.3,21.7467,774
14/06/2017 07:30,23.6,22.6,22.1,192,14.3,0,21.4,21.1,330.7,21.2,21.4,21.8436,192
14/06/2017 07:40,23.8,22.7,22.1,192,15,0,21.4,21.1,356.7,21.2,21.4,21.8826,192
14/06/2017 07:50,24,22.7,22.1,162,15,0,21.4,21.2,382.6,21.1,21.4,21.9216,162
14/06/2017 08:00,24.1,22.7,22.1,150,15.5,0,21.5,21.3,415,21.1,21.4,21.9648,150
14/06/2017 08:10,24.1,22.7,22.1,162,16.4,0,21.5,21.4,450.7,21.1,21.4,21.9911,162
14/06/2017 08:20,24.2,22.8,22.1,150,16.4,0,21.4,21.5,473.4,21.1,21.5,22.0595,150
14/06/2017 08:30,24.2,22.8,22.1,156,17,0,21.4,21.7,476.7,21.1,21.5,22.1121,156
14/06/2017 08:40,24.2,22.8,22.1,156,17.5,0,21.5,21.7,515.6,21.1,21.5,22.1216,156
14/06/2017 08:50,24.2,22.8,22.1,156,17.5,0,21.4,21.9,551.2,21.1,21.5,22.1647,156
14/06/2017 09:00,24.2,22.8,22.2,156,18.3,0,21.5,22,580.4,21.1,21.5,22.211,156
14/06/2017 09:10,24.2,22.8,22.2,150,18.5,0,21.5,22.1,603.1,21.2,21.5,22.2394,150
14/06/2017 09:20,24.3,22.8,22.2,150,18.5,0,21.4,22.2,629.1,21.2,21.6,22.2836,150
14/06/2017 09:30,24.2,22.8,22.2,156,19,0,21.5,22.2,648.5,21.2,21.6,22.2857,156
14/06/2017 09:40,24.2,22.9,22.2,150,19.5,0,21.5,22.3,677.7,21.3,21.6,22.3383,150
14/06/2017 09:50,24.2,22.9,22.3,150,19.5,0,21.5,22.4,700.4,21.2,21.7,22.393,150
14/06/2017 10:00,24.2,22.9,22.2,150,20.1,0,21.5,22.5,716.6,21.3,21.6,22.3909,150
14/06/2017 10:10,24.1,22.9,22.2,204,20.6,0,21.6,22.5,719.8,21.3,21.8,22.433,204
14/06/2017 10:20,24.1,22.8,22.3,204,20.6,0,21.6,22.6,758.8,21.3,21.8,22.4456,204
14/06/2017 10:30,24,22.8,22.3,204,21.2,0,21.6,22.7,758.8,21.3,21.8,22.4645,204
14/06/2017 10:40,24,22.9,22.4,210,21.7,0,21.7,22.7,784.7,21.3,21.9,22.5287,210
14/06/2017 10:50,24,22.9,22.4,198,21.7,0,21.8,22.7,787.9,21.3,21.9,22.5382,198
14/06/2017 11:00,23.9,22.9,22.4,198,22.2,0,21.8,22.8,791.2,21.3,22,22.5771,198
14/06/2017 11:10,23.9,22.9,22.4,198,22.7,0,21.8,22.8,804.1,21.3,22,22.5771,198
14/06/2017 11:20,23.9,22.9,22.4,204,22.7,0,21.9,22.8,859.3,21.3,22,22.5866,204
14/06/2017 11:30,23.9,23,22.4,192,23.3,0,21.9,22.8,862.5,21.3,22,22.6108,192
14/06/2017 11:40,23.9,23,22.4,204,23.3,0,22,22.8,830.1,21.3,22,22.6203,204
14/06/2017 11:50,23.9,23,22.5,198,23.8,0,22,22.8,878.7,21.3,22.1,22.6508,198
14/06/2017 12:00,23.9,23,22.5,204,24.1,0,22,22.8,862.5,21.3,22.1,22.6508,204
14/06/2017 12:10,23.9,23,22.5,198,24.7,0,22,22.8,894.9,21.3,22.1,22.6508,198
14/06/2017 12:20,24,23,22.6,540,24.7,0,22.1,22.8,911.2,21.3,22.1,22.6782,540
14/06/2017 12:30,24,23,22.6,588,25.4,0,22.3,22.8,920.9,21.3,22.2,22.7172,588
14/06/2017 12:40,23.9,23,22.5,528,26.1,0,22.4,22.8,933.8,21.3,22.2,22.7088,528
14/06/2017 12:50,24,23,22.6,522,26.1,0,22.5,22.8,933.8,21.4,22.2,22.7383,522
14/06/2017 13:00,24,23.1,22.5,516,26.9,0,22.7,22.9,356.7,21.4,22.3,22.8173,516
14/06/2017 13:10,24,23.1,22.6,522,,0,22.9,22.9,894.9,21.4,22.3,22.8468,522
14/06/2017 13:20,24.1,23.1,22.6,522,26.6,0,23,22.9,356.7,21.4,22.3,22.8637,522
14/06/2017 13:30,24.1,23.1,22.6,510,26.8,0,23.1,23,911.2,21.4,22.3,22.8995,510
14/06/2017 13:40,24.2,23.1,22.6,516,26.8,0,23.2,22.9,882,21.4,22.4,22.9101,516
14/06/2017 13:50,24.2,23.2,22.7,516,26.8,0,23.3,23,901.4,21.4,22.4,22.9806,516
14/06/2017 14:00,24.3,23.1,22.7,516,27,0,23.4,23,924.1,21.5,22.4,22.9754,516
14/06/2017 14:10,24.3,23.1,22.7,504,27,0,23.5,23,522.1,21.4,22.5,23.0028,504
14/06/2017 14:20,24.4,23.2,22.7,480,26.6,0,23.6,23.1,1008.4,21.5,22.5,23.0723,480
14/06/2017 14:30,24.5,23.2,22.8,390,26.5,0,23.6,23.1,907.9,21.5,22.5,23.0902,390
14/06/2017 14:40,24.4,23.2,22.7,288,26.5,0,23.7,23.1,1024.6,21.5,22.5,23.0818,288
14/06/2017 14:50,24.5,23.2,22.8,78,26.6,0,23.7,23,878.7,21.5,22.6,23.0934,78
14/06/2017 15:00,24.6,23.2,22.8,72,26.7,0,23.7,23,862.5,21.5,22.6,23.1008,72
14/06/2017 15:10,24.6,23.3,22.8,78,25.7,0,23.6,23,794.4,21.5,22.6,23.1155,78
14/06/2017 15:20,24.7,23.3,22.8,72,25.7,0,23.5,23,787.9,21.5,22.6,23.1134,72
14/06/2017 15:30,24.6,23.3,22.8,126,26,0,23.5,22.9,762,21.6,22.6,23.0818,126
14/06/2017 15:40,24.7,23.3,22.9,150,25.9,0,23.4,23,716.6,21.6,22.7,23.1365,150
14/06/2017 15:50,24.8,23.3,22.9,156,25.9,0,23.4,23,616.1,21.6,22.6,23.1239,156
14/06/2017 16:00,24.8,23.3,22.9,180,25.6,0,23.4,23.1,619.3,21.6,22.7,23.1702,180
14/06/2017 16:10,24.8,23.3,22.9,210,25.6,0,23.3,23.1,596.6,21.6,22.7,23.1607,210
14/06/2017 16:20,24.9,23.3,22.9,210,25.6,0,23.4,23.2,551.2,21.7,22.7,23.206,210
14/06/2017 16:30,24.9,23.4,23,198,25.6,0,23.3,23.2,314.5,21.7,22.7,23.2312,198
14/06/2017 16:40,24.8,23.4,23,198,25.6,0,23.3,23.1,616.1,21.7,22.7,23.1975,198
14/06/2017 16:50,24.9,23.4,23,204,25.2,0,23.3,23.1,606.4,21.7,22.8,23.2249,204
14/06/2017 17:00,24.9,23.4,23,198,25.6,0,23.3,23.2,415,21.7,22.8,23.2512,198
14/06/2017 17:10,24.9,23.4,23,204,25.6,0,23.3,23.1,554.5,21.7,22.8,23.2249,204
14/06/2017 17:20,24.9,23.4,23.1,198,25.7,0,23.3,23.1,479.9,21.7,22.8,23.2354,198
14/06/2017 17:30,24.9,23.4,23.1,198,25.8,0,23.3,23.1,424.8,21.7,22.8,23.2354,198
14/06/2017 17:40,24.9,23.4,23.1,204,25.8,0,23.3,23.2,431.3,21.8,22.8,23.2638,204
14/06/2017 17:50,24.9,23.5,23.2,198,25.9,0,23.3,23.1,408.6,21.8,22.9,23.2922,198
14/06/2017 18:00,25,23.5,23.2,198,25.8,0,23.3,23.1,363.2,21.8,22.9,23.2996,198
14/06/2017 18:10,25,23.6,23.2,204,25.8,0,23.3,23.1,334,21.8,22.9,23.3238,204
14/06/2017 18:20,25,23.6,23.2,198,25.5,0,23.3,23,314.5,21.8,22.9,23.2975,198
14/06/2017 18:30,25,23.7,23.2,192,24.6,0,23.3,23,94,21.9,22.9,23.3238,192
14/06/2017 18:40,25,23.7,23.3,192,23.7,0,23.4,23,84.3,21.9,22.9,23.3438,192
14/06/2017 18:50,25,23.8,23.3,174,23.7,0,23.4,23,74.6,21.9,23,23.388,174
14/06/2017 19:00,25,23.8,23.3,348,23.2,0,23.4,23,64.9,21.9,23,23.388,348
14/06/2017 19:10,24.9,23.8,23.3,222,23.2,0,23.5,23,55.1,21.9,23,23.3901,222
14/06/2017 19:20,24.9,23.9,23.3,222,22.7,0,23.7,23,48.6,22,23.1,23.4554,222
14/06/2017 19:30,24.9,23.9,23.3,168,22.4,0,23.6,22.9,42.2,22,23.1,23.4196,168
14/06/2017 19:40,25,23.9,23.3,168,22.2,0,23.5,22.8,42.2,22,23,23.3712,168
14/06/2017 19:50,25.3,24,23.3,162,22.2,0,23.5,22.8,48.6,22,23.1,23.4376,162
14/06/2017 20:00,25.1,24,23.3,168,21.7,0,23.5,22.7,42.2,22,23.1,23.3965,168
14/06/2017 20:10,25,23.9,23.3,1710,21.3,0,23.6,22.6,35.7,22,22.9,23.3081,1710
14/06/2017 20:20,24.9,23.9,23.3,3444,21.3,0,23.7,22.4,32.4,22,22.9,23.2576,3444
14/06/2017 20:30,24.7,23.9,23.3,2052,20.7,0,23.7,22.5,22.7,22,22.9,23.2691,2052
14/06/2017 20:40,24.6,23.8,23.3,1776,20.2,0,23.8,22.5,19.5,22,22.9,23.247,1776
14/06/2017 20:50,24.5,23.8,23.3,582,20.2,0,24,22.6,13,22,22.9,23.2849,582
14/06/2017 21:00,24.4,23.7,23.3,246,19.7,0,24.1,22.7,6.5,22,22.9,23.2891,246
14/06/2017 21:10,24.2,23.7,23.3,252,19.1,0,24,22.7,3.3,22,22.9,23.2648,252
14/06/2017 21:20,24.2,23.7,23.3,246,19.1,0,24,22.7,0,22,22.9,23.2648,246
14/06/2017 21:30,24.2,23.6,23.3,198,18.6,0,24,22.7,0,22.1,22.9,23.2427,198
14/06/2017 21:40,24.1,23.6,23.2,174,18.1,0,23.9,22.8,0,22.1,22.9,23.2416,174
14/06/2017 21:50,24.1,23.6,23.2,180,18.1,0,23.9,22.8,0,22.1,22.9,23.2416,180
14/06/2017 22:00,24,23.6,23.2,174,17.6,0,23.8,22.8,0,22.1,22.8,23.2047,174
14/06/2017 22:10,24,23.6,23.2,180,17.3,0,23.9,22.9,0,22.1,22.8,23.2405,180
14/06/2017 22:20,24,23.5,23.2,180,17.3,0,23.8,22.8,0,22.1,22.8,23.1805,180
14/06/2017 22:30,24,23.6,23.2,186,17,0,23.8,22.8,0,22.1,22.8,23.2047,186
14/06/2017 22:40,23.9,23.6,23.2,186,17,0,23.7,22.7,0,22.1,22.8,23.1615,186
14/06/2017 22:50,23.9,23.6,23.2,108,16.7,0,23.7,22.7,0,22.1,22.8,23.1615,108
14/06/2017 23:00,24,23.6,23.2,102,16.4,0,23.6,22.6,0,22.1,22.8,23.1331,102
14/06/2017 23:10,23.9,23.8,23.2,90,16.2,0,23.6,22.5,0,22.1,22.8,23.1478,90
14/06/2017 23:20,23.9,23.8,23.2,90,16.2,0,23.6,22.4,0,22.1,22.8,23.1215,90
14/06/2017 23:30,23.9,23.8,23.2,102,16,0,23.5,22.4,0,22.1,22.7,23.092,102
14/06/2017 23:40,23.9,23.8,23.2,102,16,0,23.5,22.3,0,22.1,22.7,23.0657,102
14/06/2017 23:50,23.8,23.9,23.1,96,15.8,0,23.5,22.3,0,22.2,22.7,23.0741,96
